,Production-based gross domestic product (GDP),Production-based gross domestic product (GDP),Production-based gross domestic product (GDP),Production-based gross domestic product (GDP),Expenditure-based gross domestic product (GDP),Expenditure-based gross domestic product (GDP),Expenditure-based gross domestic product (GDP),Expenditure-based gross domestic product (GDP),Expenditure-based gross domestic product (GDP),Expenditure-based gross domestic product (GDP),Expenditure-based gross domestic product (GDP),Expenditure-based gross domestic product (GDP),Private final consumption expenditure,Private final consumption expenditure,Private final consumption expenditure,Private final consumption expenditure,Private final consumption expenditure,Private final consumption expenditure,Private final consumption expenditure,Private final consumption expenditure,General government final consumption expenditure,General government final consumption expenditure,General government final consumption expenditure,General government final consumption expenditure,General government final consumption expenditure,General government final consumption expenditure,General government final consumption expenditure,General government final consumption expenditure,Change in inventories,Change in inventories,Change in inventories,Change in inventories,Gross fixed capital formation - residential buildings,Gross fixed capital formation - residential buildings,Gross fixed capital formation - residential buildings,Gross fixed capital formation - residential buildings,Gross fixed capital formation - residential buildings,Gross fixed capital formation - residential buildings,Gross fixed capital formation - residential buildings,Gross fixed capital formation - residential buildings,Gross fixed capital formation - other fixed assets,Gross fixed capital formation - other fixed assets,Gross fixed capital formation - other fixed assets,Gross fixed capital formation - other fixed assets,Gross fixed capital formation - other fixed assets,Gross fixed capital formation - other fixed assets,Gross fixed capital formation - other fixed assets,Gross fixed capital formation - other fixed assets,Gross national expenditure,Gross national expenditure,Gross national expenditure,Gross national expenditure,Gross national expenditure,Gross national expenditure,Gross national expenditure,Gross national expenditure,Exports of goods and services,Exports of goods and services,Exports of goods and services,Exports of goods and services,Exports of goods and services,Exports of goods and services,Exports of goods and services,Exports of goods and services,Imports of goods and services,Imports of goods and services,Imports of goods and services,Imports of goods and services,Imports of goods and services,Imports of goods and services,Imports of goods and services,Imports of goods and services
,(Real $m),(Real $m s.a.),(Real q/q% s.a.),(Real y/y%),(Nominal $m),(Nominal $m s.a.),(Nominal q/q% s.a.),(Nominal y/y%),(Real $m),(Real $m s.a.),(Real q/q% s.a.),(Real y/y%),(Nominal $m) ,(Nominal $m s.a.),(Nominal q/q% s.a.),(Nominal y/y%),(Real $m),(Real $m s.a.),(Real q/q% s.a.),(Real y/y%),(Nominal $m),(Nominal $m s.a.),(Nominal q/q% s.a.),(Nominal y/y%),(Real $m),(Real $m s.a.),(Real q/q% s.a.),(Real y/y%),(Nominal $m),(Nominal $m s.a.),(Real $m),(Real $m s.a.),(Nominal $m),(Nominal $m s.a.),(Nominal q/q% s.a.),(Nominal y/y%),(Real $m),(Real $m s.a.),(Real q/q% s.a.),(Real y/y%),(Nominal $m),(Nominal $m s.a.),(Nominal q/q% s.a.),(Nominal y/y%),(Real $m),(Real $m s.a.),(Real q/q% s.a.),(Real y/y%),(Nominal $m),(Nominal $m s.a.),(Nominal q/q% s.a.),(Nominal y/y%),(Real $m),(Real $m s.a.),(Real q/q% s.a.),(Real y/y%),(Nominal $m),(Nominal $m s.a.),(Nominal q/q% s.a.),(Nominal y/y%),(Real $m),(Real $m s.a.),(Real q/q% s.a.),(Real y/y%),(Nominal $m),(Nominal $m s.a.),(Nominal q/q% s.a.),(Nominal y/y%),(Real $m),(Real $m s.a.),(Real q/q% s.a.),(Real y/y%)
Notes,,,,,,,,,,,,,,,,,,,,,,,,,,,,,,,,,,,,,,,,,,,,,,,,,,,,,,,,,,,,,,,,,,,,,,,,
Unit,NZDm(r),NZDm(r) s.a.,%(r) s.a.,%(r),NZDm,NZDm s.a.,% s.a.,%,NZDm(r),NZDm(r) s.a.,%(r) s.a.,%(r),NZDm,NZDm s.a.,% s.a.,%,NZDm(r),NZDm(r) s.a.,%(r) s.a.,%(r),NZDm,NZDm s.a.,% s.a.,%,NZDm(r),NZDm(r) s.a.,%(r) s.a.,%(r),NZDm,NZDm s.a.,NZDm(r),NZDm(r) s.a.,NZDm,NZDm s.a.,% s.a.,%,NZDm(r),NZDm(r) s.a.,%(r) s.a.,%(r),NZDm,NZDm s.a.,% s.a.,%,NZDm(r),NZDm(r) s.a.,%(r) s.a.,%(r),NZDm,NZDm s.a.,% s.a.,%,NZDm(r),NZDm(r) s.a.,%(r) s.a.,%(r),NZDm,NZDm s.a.,% s.a.,%,NZDm(r),NZDm(r) s.a.,%(r) s.a.,%(r),NZDm,NZDm s.a.,% s.a.,%,NZDm(r),NZDm(r) s.a.,%(r) s.a.,%(r)
Series Id,GDP06.Q.QT0.ra,GDP06.Q.QT0.rs,GDP06.Q.QT0.rsq,GDP06.Q.QT0.ray,GDE.Q.EY.NA,GDE.Q.EY.NS,GDE.Q.EY.nsq,GDE.Q.EY.nay,GDE.Q.EY.RA,GDE.Q.EY.RS,GDE.Q.EY.rsq,GDE.Q.EY.ray,GDE.Q.EC1.NA,GDE.Q.EC1.NS,GDE.Q.EC1.nsq,GDE.Q.EC1.nay,GDE.Q.EC1.RA,GDE.Q.EC1.RS,GDE.Q.EC1.rsq,GDE.Q.EC1.ray,GDE.Q.EG13.NA,GDE.Q.EG13.NS,GDE.Q.EG13.nsq,GDE.Q.EG13.nay,GDE.Q.EG13.RA,GDE.Q.EG13.RS,GDE.Q.EG13.rsq,GDE.Q.EG13.ray,GDE.Q.EI23.NA,GDE.Q.EI23.NS,GDE.Q.EI23.RA,GDE.Q.EI23.RS,GDE.Q.EI24.NA,GDE.Q.EI24.NS,GDE.Q.EI24.nsq,GDE.Q.EI24.nay,GDE.Q.EI24.RA,GDE.Q.EI24.RS,GDE.Q.EI24.rsq,GDE.Q.EI24.ray,GDE.Q.EI25.NA,GDE.Q.EI25.NS,GDE.Q.EI25.nsq,GDE.Q.EI25.nay,GDE.Q.EI25.RA,GDE.Q.EI25.RS,GDE.Q.EI25.rsq,GDE.Q.EI25.ray,GDE.Q.EY1.NA,GDE.Q.EY1.NS,GDE.Q.EY1.nsq,GDE.Q.EY1.nay,GDE.Q.EY1.RA,GDE.Q.EY1.RS,GDE.Q.EY1.rsq,GDE.Q.EY1.ray,GDE.Q.EX.NA,GDE.Q.EX.NS,GDE.Q.EX.nsq,GDE.Q.EX.nay,GDE.Q.EX.RA,GDE.Q.EX.RS,GDE.Q.EX.rsq,GDE.Q.EX.ray,GDE.Q.EM.NA,GDE.Q.EM.NS,GDE.Q.EM.nsq,GDE.Q.EM.nay,GDE.Q.EM.RA,GDE.Q.EM.RS,GDE.Q.EM.rsq,GDE.Q.EM.ray
Jun 1987,"27,637","28,008",,,"15,528","15,802",,,"26,084","26,681",,,"9,117","9,099",,,"15,084","15,062",,,"2,715","2,686",,,"5,466","5,490",,,-497,30,-534,32,642,637,,,"1,509","1,481",,,"3,189","3,206",,,"3,405","3,428",,,"15,166","15,629",,,"24,701","25,556",,,"4,342","4,217",,,"5,722","5,490",,,"3,980","4,038",,,"4,596","4,640",,
Sep 1987,"27,779","28,160",0.5,,"15,790","16,122",2.0,,"26,501","26,757",0.3,,"9,381","9,281",2.0,,"15,361","15,167",0.7,,"2,838","2,851",6.1,,"5,624","5,596",1.9,,-307,-105,-330,-67,719,709,11.3,,"1,647","1,624",9.7,,"3,218","3,136",-2.2,,"3,463","3,364",-1.9,,"15,848","15,800",1.1,,"25,494","25,203",-1.4,,"3,994","4,199",-0.4,,"5,464","5,726",4.3,,"4,052","3,876",-4.0,,"4,638","4,451",-4.1,
Dec 1987,"29,139","28,290",0.5,,"16,979","16,366",1.5,,"27,754","26,774",0.1,,"9,831","9,506",2.4,,"15,896","15,354",1.2,,"2,979","2,908",2.0,,"5,833","5,603",0.1,,240,-129,319,-133,741,701,-1.1,,"1,704","1,629",0.3,,"3,086","3,000",-4.3,,"3,342","3,257",-3.2,,"16,878","16,057",1.6,,"26,948","25,657",1.8,,"4,150","4,218",0.5,,"5,595","5,710",-0.3,,"4,049","3,914",1.0,,"4,910","4,730",6.3,
Mar 1988,"28,101","28,181",-0.4,,"16,870","16,854",3.0,,"26,699","26,812",0.1,,"9,173","9,611",1.1,,"14,573","15,299",-0.4,,"2,912","3,007",3.4,,"5,279","5,522",-1.4,,151,-223,193,-193,651,708,1.0,,"1,511","1,641",0.7,,"2,928","3,072",2.4,,"3,167","3,320",1.9,,"15,814","16,207",0.9,,"24,631","25,343",-1.2,,"4,554","4,401",4.3,,"5,897","5,759",0.9,,"3,498","3,741",-4.4,,"4,292","4,619",-2.3,
Jun 1988,"27,666","28,047",-0.5,0.1,"16,513","16,771",-0.5,6.3,"26,221","26,781",-0.1,0.5,"9,736","9,717",1.1,6.8,"15,295","15,277",-0.1,1.4,"2,911","2,863",-4.8,7.2,"5,505","5,495",-0.5,0.7,-506,49,-545,43,693,683,-3.5,7.9,"1,657","1,619",-1.3,9.8,"2,919","2,951",-3.9,-8.5,"3,155","3,194",-3.8,-7.3,"15,753","16,207",0.0,3.9,"24,525","25,362",0.1,-0.7,"4,402","4,261",-3.2,1.4,"5,885","5,640",-2.1,2.8,"3,642","3,697",-1.2,-8.5,"4,521","4,568",-1.1,-1.6
Sep 1988,"27,699","28,111",0.2,-0.3,"17,384","17,861",6.5,10.1,"26,844","27,262",1.8,1.3,"10,255","10,175",4.7,9.3,"15,901","15,741",3.0,3.5,"3,166","3,196",11.6,11.6,"5,573","5,555",1.1,-0.9,-161,43,-263,-5,680,675,-1.2,-5.4,"1,624","1,613",-0.4,-1.4,"3,086","3,015",2.2,-4.1,"3,318","3,232",1.2,-4.2,"17,026","17,063",5.3,7.4,"25,980","25,792",1.7,1.9,"4,285","4,526",6.2,7.3,"5,426","5,698",1.0,-0.7,"3,927","3,756",1.6,-3.1,"4,738","4,539",-0.6,2.2
Dec 1988,"28,742","27,865",-0.9,-1.4,"18,511","17,776",-0.5,9.0,"28,496","27,402",0.5,2.7,"10,689","10,322",1.4,8.7,"16,375","15,790",0.3,3.0,"3,182","3,117",-2.5,6.8,"5,791","5,614",1.1,-0.7,175,-219,193,-277,757,715,5.9,2.2,"1,772","1,687",4.6,4.0,"3,067","2,956",-2.0,-0.6,"3,273","3,162",-2.2,-2.1,"17,870","16,922",-0.8,5.9,"27,180","25,762",-0.1,0.9,"4,690","4,764",5.3,13.0,"5,773","5,899",3.5,3.2,"4,049","3,913",4.2,0.0,"4,728","4,553",0.3,-3.7
Mar 1989,"28,150","28,221",1.3,0.2,"18,220","18,186",2.3,8.0,"27,720","27,791",1.4,3.8,"10,024","10,489",1.6,9.3,"15,164","15,897",0.7,4.1,"3,080","3,179",2.0,5.8,"5,333","5,557",-1.0,1.0,378,-8,440,53,683,743,3.9,4.9,"1,603","1,742",3.3,6.1,"3,022","3,164",7.0,3.2,"3,212","3,361",6.3,1.4,"17,187","17,609",4.1,8.7,"25,739","26,468",2.7,4.5,"4,994","4,821",1.2,9.7,"6,076","5,919",0.3,3.0,"3,961","4,233",8.2,13.2,"4,483","4,830",6.1,4.5
Jun 1989,"27,980","28,384",0.6,1.1,"18,164","18,439",1.4,10.0,"27,529","27,929",0.5,5.0,"10,984","10,971",4.6,12.8,"16,349","16,348",2.8,6.9,"3,285","3,199",0.6,12.8,"5,747","5,678",2.2,4.4,-756,-181,-848,-243,823,805,8.3,18.8,"1,900","1,847",6.0,14.7,"3,163","3,232",2.1,8.4,"3,354","3,432",2.1,6.3,"17,498","18,044",2.5,11.1,"26,234","27,022",2.1,7.0,"5,162","4,991",3.5,17.3,"6,112","5,856",-1.1,3.9,"4,496","4,575",8.1,23.4,"5,056","5,125",6.1,11.8
Sep 1989,"27,616","28,065",-1.1,-0.3,"17,521","18,095",-1.9,0.8,"26,050","26,794",-4.1,-3.0,"10,731","10,679",-2.7,4.6,"15,768","15,650",-4.3,-0.8,"3,146","3,199",0.0,-0.6,"5,712","5,721",0.8,2.5,278,508,406,672,821,823,2.2,20.7,"1,829","1,836",-0.6,12.6,"3,151","3,076",-4.8,2.1,"3,323","3,236",-5.7,0.2,"18,128","18,245",1.1,6.5,"26,677","26,782",-0.9,2.7,"4,382","4,641",-7.0,2.3,"5,095","5,362",-8.4,-6.1,"4,988","4,764",4.1,27.0,"5,559","5,301",3.4,17.3
Dec 1989,"28,942","28,011",-0.2,0.7,"19,779","18,914",4.5,6.8,"28,586","27,386",2.2,0.3,"11,242","10,814",1.3,5.2,"16,189","15,572",-0.5,-1.1,"3,426","3,365",5.2,7.7,"5,987","5,865",2.5,3.4,"1,124",709,"1,122",639,903,850,3.3,19.3,"1,996","1,889",2.9,12.6,"3,417","3,269",6.3,11.4,"3,570","3,422",5.7,9.1,"20,112","18,960",3.9,12.5,"29,000","27,365",2.2,6.7,"4,831","4,901",5.6,3.0,"5,501","5,621",4.8,-4.7,"5,164","4,989",4.7,27.5,"5,817","5,605",5.7,23.0
Mar 1990,"27,900","27,963",-0.2,-0.9,"19,171","19,129",1.1,5.2,"27,651","27,670",1.0,-0.2,"10,587","11,081",2.5,5.6,"15,105","15,812",1.5,-0.4,"3,355","3,467",3.0,8.9,"5,930","6,148",4.8,11.2,643,220,565,161,822,897,5.5,20.4,"1,790","1,951",3.3,11.7,"2,955","3,090",-5.5,-2.2,"3,087","3,227",-5.7,-3.9,"18,361","18,813",-0.8,6.8,"26,358","27,077",-1.1,2.4,"5,180","5,006",2.1,3.7,"5,995","5,833",3.8,-1.3,"4,370","4,673",-6.3,10.3,"4,956","5,346",-4.6,10.6
Jun 1990,"27,544","27,959",0.0,-1.6,"18,642","18,840",-1.5,2.6,"27,184","27,544",-0.5,-1.3,"11,244","11,250",1.5,2.4,"15,845","15,860",0.3,-3.1,"3,634","3,501",1.0,10.6,"6,126","5,983",-2.7,6.6,-527,69,-378,242,940,914,1.9,14.2,"2,043","1,978",1.4,7.5,"3,021","3,115",0.8,-4.5,"3,133","3,234",0.2,-6.6,"18,311","18,834",0.1,4.6,"26,179","26,988",-0.3,-0.2,"5,192","5,004",0.0,0.6,"6,242","5,974",2.4,2.1,"4,861","4,959",6.1,8.1,"5,422","5,510",3.1,7.2
Sep 1990,"27,718","28,214",0.9,0.4,"18,384","19,192",1.9,4.9,"26,621","27,581",0.1,2.2,"11,417","11,386",1.2,6.4,"15,988","15,919",0.4,1.4,"3,478","3,562",1.7,10.6,"5,940","5,997",0.2,4.0,-166,120,-191,99,869,876,-4.2,5.8,"1,873","1,890",-4.4,2.4,"3,235","3,154",1.3,2.7,"3,391","3,298",2.0,2.0,"18,833","19,086",1.3,3.9,"26,714","26,919",-0.3,0.1,"4,786","5,083",1.6,9.2,"5,867","6,190",3.6,15.2,"5,236","4,985",0.5,5.0,"5,903","5,609",1.8,6.2
Dec 1990,"29,548","28,544",1.2,2.1,"20,482","19,520",1.7,3.6,"29,565","28,241",2.4,3.4,"12,300","11,788",3.5,9.4,"16,901","16,193",1.7,4.4,"3,573","3,517",-1.3,4.3,"5,930","5,844",-2.6,-1.0,330,-125,604,99,920,865,-1.3,1.9,"1,985","1,873",-0.9,-0.6,"3,363","3,201",1.5,-1.6,"3,498","3,334",1.1,-2.0,"20,485","19,226",0.7,1.9,"28,828","27,093",0.6,-0.6,"5,066","5,141",1.1,4.9,"6,102","6,233",0.7,10.9,"5,069","4,890",-1.9,-1.8,"5,504","5,296",-5.6,-5.4
Mar 1991,"27,801","27,852",-2.4,-0.4,"18,659","18,574",-4.8,-2.7,"27,181","27,142",-3.9,-1.7,"10,883","11,397",-3.3,2.8,"15,035","15,742",-2.8,-0.5,"3,358","3,481",-1.0,0.1,"5,628","5,827",-0.3,-5.1,208,-247,277,-138,728,798,-7.7,-11.4,"1,567","1,715",-8.4,-12.5,"2,662","2,783",-13.1,-9.9,"2,769","2,895",-13.2,-10.3,"17,840","18,261",-5.0,-2.8,"25,001","25,656",-5.3,-5.1,"5,329","5,148",0.1,2.9,"6,605","6,421",3.0,10.2,"4,510","4,837",-1.1,3.2,"4,857","5,257",-0.7,-2.0
Jun 1991,"27,224","27,663",-0.7,-1.2,"18,415","18,565",0.0,-1.2,"26,673","26,905",-0.9,-1.9,"11,255","11,280",-1.0,0.1,"15,478","15,515",-1.4,-2.3,"3,762","3,588",3.1,3.5,"6,248","6,031",3.5,2.0,-785,-188,-797,-188,761,736,-7.8,-19.0,"1,626","1,568",-8.6,-20.4,"2,457","2,549",-8.4,-18.7,"2,541","2,638",-8.9,-18.9,"17,449","17,949",-1.7,-4.7,"24,456","25,163",-1.9,-6.6,"5,487","5,285",2.7,5.7,"6,853","6,560",2.2,9.8,"4,521","4,626",-4.4,-7.0,"5,022","5,121",-2.6,-7.4
Sep 1991,"27,235","27,751",0.3,-1.7,"18,163","19,116",3.0,-1.2,"26,072","27,262",1.3,-2.1,"11,466","11,444",1.5,0.4,"15,623","15,585",0.5,-2.3,"3,371","3,468",-3.3,-3.1,"5,566","5,667",-6.0,-6.3,-452,-92,-414,-77,726,732,-0.5,-16.5,"1,541","1,554",-0.9,-17.7,"2,698","2,622",2.9,-16.6,"2,804","2,719",3.1,-17.3,"17,809","18,123",1.0,-5.4,"24,795","25,139",-0.1,-7.2,"5,246","5,574",5.5,9.6,"6,471","6,831",4.1,10.3,"4,891","4,632",0.1,-6.6,"5,384","5,085",-0.7,-8.8
Dec 1991,"28,962","27,931",0.6,-2.0,"19,996","18,991",-0.7,-2.4,"28,584","27,211",-0.2,-3.3,"11,939","11,417",-0.2,-2.9,"16,242","15,528",-0.4,-3.9,"3,580","3,531",1.8,0.2,"5,898","5,822",2.7,-0.5,411,-83,383,-143,795,749,2.3,-13.6,"1,684","1,591",2.4,-15.2,"2,663","2,532",-3.4,-20.8,"2,769","2,635",-3.1,-20.8,"19,389","18,136",0.1,-5.4,"26,740","25,039",-0.4,-7.2,"5,641","5,726",2.7,11.4,"6,881","7,022",2.8,12.8,"5,034","4,856",4.8,-0.7,"5,355","5,160",1.5,-2.7
Mar 1992,"27,962","28,014",0.3,0.6,"19,411","19,306",1.7,4.0,"27,455","27,407",0.7,1.0,"10,995","11,515",0.9,1.0,"14,933","15,626",0.6,-0.7,"3,490","3,626",2.7,3.9,"5,678","5,878",1.0,0.9,738,252,693,266,710,781,4.3,-2.5,"1,498","1,646",3.5,-4.4,"2,606","2,731",7.9,-2.1,"2,711","2,844",7.9,-2.1,"18,538","18,985",4.7,3.9,"25,336","26,012",3.9,1.3,"5,779","5,583",-2.5,8.4,"6,903","6,713",-4.4,4.5,"4,906","5,281",8.8,8.8,"5,129","5,562",7.8,5.6
Jun 1992,"27,549","28,016",0.0,1.2,"19,405","19,497",1.0,5.4,"27,578","27,684",1.0,3.4,"11,475","11,513",0.0,2.0,"15,503","15,550",-0.5,0.2,"3,930","3,728",2.8,4.5,"6,265","6,013",2.3,0.3,-464,126,-486,104,811,782,0.1,6.6,"1,701","1,635",-0.7,4.6,"2,562","2,656",-2.7,4.3,"2,643","2,739",-3.7,4.0,"18,315","18,802",-1.0,5.0,"25,048","25,682",-1.3,2.4,"6,353","6,115",9.5,15.8,"7,535","7,216",7.5,10.0,"5,263","5,399",2.2,16.4,"5,375","5,491",-1.3,7.0
Sep 1992,"27,267","27,800",-0.8,0.1,"17,928","18,988",-2.6,-1.3,"25,769","27,149",-1.9,-1.2,"11,548","11,522",0.1,0.7,"15,530","15,500",-0.3,-0.6,"3,546","3,649",-2.1,5.2,"5,717","5,848",-2.7,2.7,-507,-72,-208,179,750,753,-3.7,3.3,"1,576","1,583",-3.2,2.3,"2,735","2,647",-0.3,1.4,"2,796","2,703",-1.3,-0.3,"18,071","18,445",-1.9,1.5,"25,025","25,510",-0.7,0.9,"5,670","6,031",-1.4,8.1,"6,630","7,003",-3.0,2.5,"5,814","5,474",1.4,18.9,"5,923","5,573",1.5,10.0
Dec 1992,"29,226","28,151",1.3,0.9,"20,564","19,509",2.7,2.8,"28,794","27,409",1.0,0.7,"12,284","11,731",1.8,2.9,"16,490","15,738",1.5,1.5,"3,736","3,693",1.2,4.4,"5,986","5,904",1.0,1.5,703,162,762,212,843,799,6.1,6.0,"1,757","1,669",5.4,4.3,"2,841","2,718",2.7,6.7,"2,887","2,762",2.2,4.3,"20,408","19,082",3.5,5.3,"27,680","25,931",1.7,3.5,"5,975","6,060",0.5,5.9,"6,902","7,030",0.4,0.3,"5,819","5,615",2.6,15.6,"5,957","5,745",3.1,11.2
Mar 1993,"28,560","28,614",1.6,2.1,"20,412","20,273",3.9,5.2,"28,072","27,997",2.1,2.2,"11,142","11,673",-0.5,1.3,"14,979","15,684",-0.3,0.3,"3,558","3,704",0.3,1.9,"5,689","5,898",-0.1,0.2,892,400,658,231,747,823,3.0,5.2,"1,555","1,712",2.6,3.8,"2,708","2,839",4.5,3.9,"2,760","2,899",5.0,1.8,"19,047","19,514",2.3,2.7,"25,545","26,224",1.1,0.8,"6,436","6,209",2.5,11.4,"7,284","7,086",0.8,5.5,"5,071","5,481",-2.4,3.4,"5,184","5,628",-2.0,1.1
Jun 1993,"28,740","29,247",2.2,4.3,"20,420","20,478",1.0,5.2,"28,241","28,254",0.9,2.4,"11,800","11,850",1.5,2.8,"15,836","15,897",1.4,2.1,"3,938","3,732",0.8,0.2,"6,216","5,961",1.1,-0.8,-295,279,-283,292,916,878,6.7,12.9,"1,887","1,806",5.5,10.9,"2,901","2,988",5.2,13.2,"2,982","3,070",5.9,12.8,"19,260","19,744",1.2,5.2,"26,037","26,626",1.5,3.9,"6,658","6,426",3.5,4.8,"7,613","7,302",3.0,1.0,"5,499","5,653",3.1,4.5,"5,731","5,867",4.2,6.6
Sep 1993,"29,260","29,840",2.0,7.3,"19,699","20,939",2.3,9.9,"27,467","29,060",2.9,6.6,"12,047","12,009",1.3,4.3,"16,113","16,074",1.1,3.8,"3,647","3,741",0.2,2.8,"5,896","6,024",1.1,3.1,-194,299,-240,176,985,988,12.5,31.3,"1,979","1,984",9.9,25.6,"3,268","3,159",5.7,19.5,"3,374","3,258",6.1,20.7,"19,753","20,161",2.1,9.3,"26,747","27,296",2.5,6.9,"6,067","6,462",0.6,7.0,"7,056","7,464",2.2,6.4,"6,121","5,728",1.3,5.3,"6,341","5,941",1.3,7.1
Dec 1993,"31,301","30,118",0.9,7.1,"22,313","21,150",1.0,8.5,"31,087","29,547",1.7,8.0,"12,740","12,161",1.3,3.7,"17,020","16,223",0.9,3.2,"3,775","3,740",0.0,1.0,"6,086","6,009",-0.2,1.7,"1,038",449,955,387,"1,059","1,009",2.1,25.6,"2,090","1,998",0.7,19.0,"3,336","3,218",1.9,17.4,"3,428","3,305",1.4,18.7,"21,948","20,538",1.9,7.5,"29,629","27,748",1.7,7.0,"6,291","6,351",-1.7,5.3,"7,563","7,666",2.7,9.6,"5,926","5,725",-0.1,1.8,"6,319","6,106",2.8,6.1
Mar 1994,"30,497","30,575",1.5,6.8,"22,029","21,889",3.5,7.9,"30,540","30,469",3.1,8.8,"11,837","12,420",2.1,6.2,"15,813","16,580",2.2,5.6,"3,636","3,796",1.5,2.2,"5,840","6,062",0.9,2.7,883,407,790,370,923,"1,014",0.5,23.6,"1,793","1,970",-1.4,15.3,"3,131","3,284",2.1,15.6,"3,194","3,357",1.6,15.7,"20,410","20,965",2.1,7.2,"27,524","28,309",2.0,7.7,"6,866","6,624",4.3,6.7,"8,146","7,929",3.4,11.8,"5,248","5,691",-0.6,3.5,"5,648","6,136",0.5,9.0
Jun 1994,"30,237","30,778",0.7,5.2,"21,980","22,013",0.6,7.6,"30,630","30,590",0.4,8.5,"12,635","12,690",2.2,7.1,"16,835","16,905",2.0,6.3,"3,845","3,639",-4.1,-2.4,"6,091","5,838",-3.7,-2.0,-167,395,-29,537,"1,190","1,139",12.3,29.9,"2,274","2,172",10.3,20.5,"3,363","3,428",4.4,15.9,"3,493","3,560",6.0,17.1,"20,867","21,318",1.7,8.3,"28,248","28,799",1.7,8.5,"7,053","6,833",3.2,5.9,"8,469","8,147",2.7,11.2,"5,939","6,112",7.4,8.0,"6,419","6,576",7.2,12.0
Sep 1994,"30,694","31,305",1.7,4.9,"20,996","22,322",1.4,6.6,"28,907","30,635",0.1,5.2,"12,994","12,939",2.0,7.9,"17,178","17,113",1.2,6.6,"3,745","3,829",5.2,2.7,"5,875","5,989",2.6,-0.4,-231,299,-202,234,"1,227","1,230",8.0,24.6,"2,271","2,274",4.7,14.8,"3,657","3,540",3.3,11.9,"3,779","3,654",2.6,12.0,"21,393","21,812",2.3,8.3,"28,488","29,076",1.0,6.5,"6,405","6,836",0.0,5.6,"7,811","8,287",1.7,10.7,"6,801","6,339",3.7,11.1,"7,309","6,837",4.0,15.3
Dec 1994,"33,002","31,721",1.3,5.4,"24,101","22,835",2.3,8.0,"32,577","30,925",0.9,4.8,"13,804","13,180",1.9,8.4,"18,209","17,350",1.4,7.0,"3,905","3,873",1.1,3.4,"6,167","6,093",1.7,1.3,925,277,757,154,"1,252","1,200",-2.4,18.2,"2,248","2,160",-5.0,7.6,"3,832","3,728",5.3,14.9,"4,004","3,893",6.5,16.8,"23,719","22,220",1.9,8.1,"31,579","29,590",1.8,6.6,"6,993","7,007",2.5,11.2,"8,064","8,115",-2.1,6.6,"6,611","6,390",0.8,11.6,"7,164","6,923",1.3,13.4
Mar 1995,"31,997","32,106",1.2,4.9,"23,259","23,123",1.3,5.6,"31,401","31,354",1.4,2.8,"12,746","13,381",1.5,7.7,"16,733","17,587",1.4,5.8,"3,719","3,899",0.7,2.3,"5,876","6,128",0.6,0.6,639,206,672,277,"1,145","1,252",4.3,24.1,"2,013","2,203",2.0,12.3,"3,625","3,803",2.0,15.8,"3,749","3,941",1.2,17.4,"21,874","22,526",1.4,7.2,"29,069","29,971",1.3,5.6,"7,435","7,171",2.3,8.3,"8,614","8,378",3.2,5.7,"6,050","6,579",3.0,15.3,"6,584","7,156",3.4,16.6
Jun 1995,"31,933","32,516",1.3,5.6,"23,576","23,630",2.2,7.3,"31,977","31,905",1.8,4.4,"13,424","13,488",0.8,6.2,"17,491","17,573",-0.1,3.9,"4,219","3,982",2.1,9.7,"6,458","6,161",0.5,6.0,-243,310,-197,370,"1,352","1,294",3.4,13.6,"2,361","2,254",2.3,3.8,"3,918","3,948",3.8,16.5,"4,041","4,070",3.3,15.7,"22,671","23,095",2.5,8.6,"29,874","30,346",1.3,5.8,"7,159","6,988",-2.6,1.5,"8,748","8,473",1.1,3.3,"6,254","6,433",-2.2,5.3,"6,901","7,074",-1.1,7.5
Sep 1995,"32,175","32,816",0.9,4.8,"22,441","23,826",0.8,6.9,"30,215","32,002",0.3,4.5,"13,804","13,739",1.9,6.2,"17,909","17,825",1.4,4.3,"3,975","4,051",1.7,6.1,"6,157","6,264",1.7,4.8,-194,355,-199,243,"1,241","1,246",-3.7,1.1,"2,145","2,150",-4.6,-5.5,"4,132","4,023",1.9,13.0,"4,255","4,138",1.7,12.6,"22,958","23,376",1.2,7.3,"30,058","30,626",0.9,5.5,"6,579","7,025",0.5,2.7,"7,989","8,488",0.2,2.3,"7,096","6,606",2.7,4.3,"7,742","7,238",2.3,5.9
Dec 1995,"34,424","33,036",0.7,4.3,"25,576","24,205",1.6,6.1,"34,103","32,376",1.2,4.7,"14,625","13,968",1.7,5.9,"18,902","18,012",1.0,3.8,"4,081","4,061",0.2,4.5,"6,336","6,285",0.3,2.7,947,233,951,308,"1,347","1,294",3.9,7.6,"2,285","2,199",2.3,1.6,"4,256","4,158",3.4,11.1,"4,391","4,289",3.6,9.7,"25,257","23,684",1.3,6.5,"33,012","31,008",1.2,4.5,"7,200","7,152",1.8,3.0,"8,575","8,568",0.9,6.3,"6,880","6,651",0.7,4.1,"7,591","7,343",1.5,6.0
Mar 1996,"33,345","33,500",1.4,4.2,"24,642","24,559",1.5,5.9,"32,545","32,553",0.5,3.6,"13,648","14,325",2.6,7.1,"17,519","18,420",2.3,4.7,"3,894","4,089",0.7,4.7,"5,998","6,277",-0.1,2.1,672,302,534,179,"1,259","1,367",5.6,10.0,"2,088","2,270",3.2,3.7,"4,074","4,270",2.7,12.4,"4,183","4,390",2.4,11.6,"23,548","24,352",2.8,7.7,"30,371","31,426",1.3,4.5,"7,349","7,079",-1.0,-1.2,"8,892","8,617",0.6,3.2,"6,255","6,798",2.2,3.4,"6,971","7,560",3.0,5.9
Jun 1996,"33,166","33,798",0.9,3.9,"24,883","24,981",1.7,5.5,"33,007","32,974",1.3,3.2,"14,515","14,586",1.8,8.1,"18,509","18,607",1.0,5.8,"4,459","4,197",2.6,5.7,"6,791","6,434",2.5,5.2,-537,5,-424,136,"1,450","1,392",1.8,7.2,"2,379","2,282",0.5,0.8,"4,281","4,279",0.2,9.3,"4,393","4,389",0.0,8.7,"24,168","24,544",0.8,6.6,"31,308","31,715",0.9,4.8,"7,379","7,286",2.9,3.1,"9,052","8,857",2.8,3.5,"6,664","6,859",0.9,6.6,"7,523","7,718",2.1,9.0
Sep 1996,"33,375","34,020",0.7,3.7,"24,033","25,431",1.8,7.1,"31,590","33,378",1.2,4.6,"14,898","14,813",1.6,7.9,"18,970","18,882",1.5,5.9,"4,061","4,133",-1.5,2.2,"6,129","6,235",-3.1,-0.5,13,573,8,463,"1,354","1,361",-2.2,9.1,"2,221","2,228",-2.4,3.5,"4,353","4,257",-0.5,5.3,"4,572","4,468",1.8,7.5,"24,678","25,090",2.2,7.5,"31,871","32,403",2.2,6.0,"6,761","7,203",-1.1,2.8,"8,312","8,838",-0.2,4.0,"7,406","6,910",0.7,4.4,"8,479","7,941",2.9,9.5
Dec 1996,"35,960","34,465",1.3,4.5,"26,925","25,471",0.2,5.3,"35,323","33,504",0.4,3.6,"15,638","14,926",0.8,6.9,"19,885","18,942",0.3,5.2,"4,253","4,252",2.9,4.2,"6,351","6,340",1.7,0.2,916,145,768,78,"1,497","1,440",5.8,11.1,"2,435","2,345",5.3,6.6,"4,248","4,171",-2.0,-0.2,"4,441","4,364",-2.3,1.1,"26,551","24,923",-0.7,5.1,"33,986","31,957",-1.4,3.0,"7,272","7,172",-0.4,1.0,"9,155","9,088",2.8,6.8,"6,898","6,653",-3.7,0.3,"7,951","7,686",-3.2,4.7
Mar 1997,"34,144","34,335",-0.4,2.4,"25,260","25,219",-1.0,2.5,"33,252","33,305",-0.6,2.2,"14,235","14,981",0.4,4.3,"18,063","19,002",0.3,3.1,"4,044","4,229",-0.5,3.9,"6,030","6,296",-0.7,0.5,417,96,410,90,"1,399","1,503",4.4,11.1,"2,281","2,457",4.8,9.2,"4,011","4,180",0.2,-1.5,"4,268","4,449",1.9,2.0,"24,105","24,982",0.2,2.4,"31,017","32,172",0.7,2.1,"7,249","6,964",-2.9,-1.4,"9,120","8,791",-3.3,2.6,"6,095","6,610",-0.6,-2.6,"7,105","7,681",-0.1,1.9
Jun 1997,"34,313","35,008",2.0,3.5,"25,903","26,053",3.3,4.1,"34,107","34,132",2.5,3.3,"15,127","15,200",1.5,4.2,"19,161","19,256",1.3,3.5,"4,548","4,286",1.3,2.0,"6,780","6,408",1.8,-0.2,-352,185,-455,106,"1,527","1,481",-1.5,5.3,"2,486","2,409",-2.0,4.5,"4,849","4,836",15.7,13.3,"5,377","5,358",20.4,22.4,"25,699","26,056",4.3,6.3,"33,049","33,417",3.9,5.6,"7,285","7,278",4.5,-1.3,"9,250","9,148",4.1,2.2,"7,082","6,718",1.6,6.3,"8,366","8,572",11.6,11.2
Sep 1997,"34,285","34,922",-0.2,2.7,"25,072","26,461",1.6,4.3,"32,990","34,780",1.9,4.4,"15,401","15,303",0.7,3.4,"19,325","19,217",-0.2,1.9,"4,365","4,429",3.3,7.5,"6,481","6,578",2.7,5.7,-364,216,-357,107,"1,553","1,557",5.1,14.7,"2,508","2,506",4.0,12.9,"4,396","4,321",-10.6,1.0,"4,704","4,622",-13.7,2.9,"25,352","25,751",-1.2,2.7,"32,451","32,933",-1.4,1.8,"6,924","7,358",1.1,2.4,"8,660","9,219",0.8,4.2,"7,203","6,754",0.5,-2.7,"8,163","7,668",-10.5,-3.7
Dec 1997,"36,415","34,854",-0.2,1.3,"27,627","26,117",-1.3,2.6,"36,086","34,216",-1.6,2.2,"16,259","15,492",1.2,4.0,"20,355","19,355",0.7,2.4,"4,386","4,418",-0.2,3.1,"6,455","6,501",-1.2,1.6,"1,071",241,"1,019",291,"1,579","1,521",-2.3,5.5,"2,531","2,438",-2.7,3.9,"4,000","3,932",-9.0,-5.8,"4,329","4,264",-7.7,-2.5,"27,295","25,610",-0.5,2.8,"34,798","32,746",-0.6,2.4,"7,652","7,509",2.1,5.2,"9,426","9,308",1.0,3.0,"7,320","7,021",4.0,6.1,"8,253","7,963",3.8,3.8
Mar 1998,"34,433","34,658",-0.6,0.8,"26,213","26,204",0.3,3.8,"34,109","34,178",-0.1,2.6,"14,889","15,727",1.5,4.6,"18,654","19,703",1.8,3.3,"4,346","4,510",2.1,7.5,"6,342","6,573",1.1,5.2,462,167,405,110,"1,291","1,374",-9.7,-7.7,"2,067","2,209",-9.4,-9.4,"4,020","4,168",6.0,0.2,"4,303","4,459",4.6,0.8,"25,008","25,981",1.4,3.7,"31,772","33,022",0.8,2.4,"7,823","7,493",-0.2,7.9,"9,520","9,125",-2.0,4.4,"6,618","7,171",2.1,8.6,"7,364","7,937",-0.3,3.6
Jun 1998,"34,092","34,829",0.5,-0.6,"25,976","26,170",-0.1,0.3,"33,895","34,016",-0.5,-0.6,"15,765","15,841",0.7,4.2,"19,599","19,688",-0.1,2.3,"4,826","4,562",1.2,6.1,"6,932","6,560",-0.2,2.2,-509,47,-420,140,"1,376","1,351",-1.7,-9.9,"2,203","2,163",-2.1,-11.4,"4,276","4,265",2.3,-11.8,"4,562","4,543",1.9,-15.2,"25,732","26,084",0.4,0.1,"32,517","32,896",-0.4,-1.6,"7,415","7,469",-0.3,1.8,"8,952","8,928",-2.2,-3.2,"7,171","7,402",3.2,1.3,"7,690","7,908",-0.4,-8.1
Sep 1998,"34,266","34,862",0.1,-0.1,"25,069","26,403",0.9,0.0,"32,550","34,240",0.7,-1.3,"16,123","15,996",1.0,4.7,"19,851","19,702",0.1,2.7,"4,567","4,628",1.4,4.6,"6,483","6,575",0.2,0.0,-571,36,-480,10,"1,253","1,248",-7.6,-19.3,"2,016","2,002",-7.4,-19.6,"4,066","4,010",-6.0,-7.5,"4,324","4,266",-6.1,-8.1,"25,439","25,827",-1.0,0.3,"31,970","32,397",-1.5,-1.5,"7,530","7,988",6.9,8.8,"8,939","9,524",6.7,3.2,"7,899","7,450",0.6,9.7,"8,365","7,891",-0.2,2.5
Dec 1998,"36,824","35,215",1.0,1.1,"28,609","27,050",2.5,3.6,"36,952","35,045",2.4,2.4,"17,100","16,268",1.7,5.2,"21,147","20,106",2.1,3.9,"4,597","4,655",0.6,4.8,"6,479","6,562",-0.2,0.4,"1,022",121,862,86,"1,341","1,289",3.3,-15.1,"2,153","2,067",3.2,-14.9,"4,297","4,227",5.4,7.4,"4,593","4,531",6.2,6.1,"28,357","26,577",2.9,3.9,"35,463","33,362",3.0,1.9,"8,192","8,039",0.6,7.1,"9,788","9,655",1.4,3.8,"7,940","7,562",1.5,8.5,"8,434","8,110",2.8,2.2
Mar 1999,"35,377","35,633",1.2,2.7,"27,171","27,137",0.3,3.7,"35,358","35,387",1.0,3.7,"15,431","16,339",0.4,3.6,"19,084","20,201",0.5,2.3,"4,754","4,898",5.2,9.4,"6,666","6,859",4.5,5.1,328,39,417,127,"1,231","1,307",1.4,-4.6,"1,969","2,102",1.7,-4.7,"4,123","4,247",0.5,2.6,"4,445","4,572",0.9,3.3,"25,868","26,890",1.2,3.4,"32,570","33,871",1.5,2.5,"8,502","8,101",0.8,8.7,"10,435","9,942",3.0,9.6,"7,199","7,803",3.2,8.8,"7,844","8,438",4.0,6.5
Jun 1999,"35,123","35,928",0.8,3.0,"27,374","27,653",1.9,5.4,"35,496","35,691",0.9,4.7,"16,481","16,570",1.4,4.5,"20,345","20,438",1.2,3.8,"5,091","4,829",-1.4,5.5,"7,103","6,742",-1.7,2.5,-31,583,-27,567,"1,419","1,410",7.9,3.1,"2,284","2,270",8.0,3.7,"4,242","4,247",0.0,-0.8,"4,620","4,612",0.9,1.3,"27,202","27,623",2.7,5.7,"34,206","34,630",2.2,5.2,"7,903","7,991",-1.4,6.6,"9,617","9,638",-3.1,7.4,"7,731","7,988",2.4,7.8,"8,410","8,659",2.6,9.4
Sep 1999,"36,346","36,935",2.8,6.1,"26,750","28,109",1.6,6.7,"34,457","36,196",1.4,5.9,"16,876","16,713",0.9,4.7,"20,777","20,584",0.7,4.7,"4,752","4,811",-0.4,4.1,"6,597","6,686",-0.8,1.8,-141,466,-134,361,"1,516","1,495",6.0,21.0,"2,439","2,397",5.6,21.0,"4,464","4,419",4.0,9.8,"4,832","4,792",3.9,11.7,"27,467","27,870",0.9,8.0,"34,383","34,820",0.5,7.5,"8,049","8,547",7.0,6.9,"9,580","10,220",6.0,7.2,"8,766","8,309",4.0,11.0,"9,385","8,887",2.6,12.2
Dec 1999,"39,119","37,387",1.2,6.2,"29,919","28,290",0.6,4.6,"38,592","36,596",1.1,4.4,"17,649","16,752",0.2,3.2,"21,685","20,571",-0.1,2.5,"4,884","4,954",3.0,6.2,"6,743","6,844",2.4,4.1,"1,217",250,"1,123",302,"1,580","1,516",1.4,17.8,"2,525","2,418",0.9,17.3,"5,211","5,119",15.8,21.3,"5,729","5,644",17.8,24.7,"30,541","28,600",2.6,7.7,"38,001","35,738",2.6,7.2,"9,082","8,936",4.6,10.9,"10,669","10,542",3.2,9.0,"9,704","8,586",3.3,22.2,"10,152","9,764",9.9,20.4
Mar 2000,"37,633","37,931",1.5,6.4,"29,186","29,128",3.0,7.4,"37,524","37,510",2.5,6.1,"15,787","16,731",-0.1,2.3,"19,312","20,471",-0.5,1.2,"4,835","4,965",0.2,1.7,"6,650","6,823",-0.3,-0.2,492,203,462,174,"1,706","1,820",20.1,38.6,"2,706","2,903",20.1,37.4,"4,631","4,759",-7.0,12.3,"4,947","5,071",-10.2,11.3,"27,452","28,558",-0.1,6.1,"34,009","35,390",-1.0,4.4,"10,012","9,490",6.2,17.8,"11,414","10,818",2.6,9.4,"8,277","8,983",4.6,15.0,"8,170","8,773",-10.1,4.2
Jun 2000,"37,058","37,949",0.0,5.5,"28,806","29,161",0.1,5.2,"36,908","37,186",-0.9,4.0,"17,000","17,110",2.3,3.1,"20,693","20,807",1.6,1.7,"5,217","4,956",-0.2,2.5,"7,079","6,728",-1.4,-0.3,-301,398,-307,332,"1,465","1,465",-19.5,3.2,"2,298","2,300",-20.8,0.6,"4,686","4,705",-1.1,10.5,"4,971","4,974",-1.9,7.6,"28,067","28,565",0.0,3.2,"34,612","35,112",-0.8,1.2,"9,652","9,755",2.8,22.1,"10,788","10,819",0.0,12.2,"8,913","9,215",2.6,15.3,"8,619","8,884",1.3,2.5
Sep 2000,"37,544","38,098",0.4,3.3,"28,217","29,586",1.5,5.5,"35,602","37,326",0.4,3.3,"17,563","17,380",1.6,4.1,"21,102","20,888",0.4,1.6,"5,015","5,076",2.4,5.5,"6,752","6,840",1.7,2.3,-352,217,-291,199,"1,524","1,490",1.7,0.5,"2,386","2,324",1.0,-2.2,"5,047","5,006",6.4,13.1,"5,262","5,237",5.3,8.9,"28,797","29,176",2.1,4.8,"35,111","35,494",1.1,2.1,"9,631","10,251",5.1,19.7,"9,990","10,672",-1.4,4.3,"10,210","9,701",5.3,16.5,"9,390","8,921",0.4,0.1
Dec 2000,"39,936","38,173",0.2,2.1,"32,123","30,433",2.9,7.4,"39,571","37,618",0.8,2.5,"18,429","17,480",0.6,4.4,"21,891","20,759",-0.6,0.9,"5,086","5,160",1.7,4.1,"6,799","6,900",0.9,0.8,"1,327",318,"1,068",201,"1,352","1,295",-13.1,-14.4,"2,099","2,006",-13.7,-16.9,"5,232","5,115",2.2,0.4,"5,335","5,231",-0.1,-6.9,"31,426","29,383",0.7,2.9,"37,519","35,260",-0.7,-1.3,"11,625","11,495",12.1,28.0,"11,207","11,119",4.2,5.0,"10,928","10,313",6.3,12.6,"9,296","8,888",-0.4,-8.4
Mar 2001,"37,989","38,306",0.3,0.9,"30,692","30,581",0.5,5.2,"37,400","37,303",-0.8,-0.3,"16,396","17,391",-0.5,3.9,"19,591","20,773",0.1,1.4,"5,163","5,305",2.8,6.8,"6,857","7,044",2.1,3.1,744,447,644,352,"1,199","1,287",-0.6,-29.7,"1,848","1,996",-0.5,-31.7,"4,483","4,594",-10.2,-3.2,"4,620","4,715",-9.9,-6.6,"27,985","29,090",-1.0,1.9,"33,684","35,011",-0.7,-1.0,"11,929","11,262",-2.0,19.1,"11,796","11,142",0.2,3.3,"9,222","10,024",-2.8,11.4,"8,411","9,018",1.5,2.9
Jun 2001,"37,925","38,851",1.4,2.3,"31,186","31,642",3.5,8.3,"38,106","38,514",3.2,3.2,"17,707","17,853",2.7,4.2,"20,992","21,148",1.8,1.4,"5,673","5,388",1.6,8.7,"7,525","7,148",1.5,6.3,-713,99,-496,221,"1,347","1,352",5.1,-8.1,"2,082","2,090",4.7,-9.4,"5,288","5,332",16.1,12.8,"5,399","5,431",15.2,8.6,"29,302","29,935",2.9,4.4,"35,254","35,937",2.6,1.9,"11,539","11,600",3.0,19.6,"11,249","11,236",0.8,4.3,"9,655","9,963",-0.6,8.3,"8,632","8,900",-1.3,0.2
Sep 2001,"38,621","39,147",0.8,2.9,"30,167","31,532",-0.3,6.9,"36,750","38,447",-0.2,3.2,"18,342","18,148",1.7,4.4,"21,634","21,389",1.1,2.5,"5,359","5,421",0.6,6.9,"7,072","7,160",0.2,4.7,-452,29,-290,155,"1,371","1,328",-1.8,-10.0,"2,109","2,035",-2.6,-11.6,"5,351","5,306",-0.5,6.0,"5,417","5,394",-0.7,2.9,"29,971","30,257",1.1,4.1,"35,871","36,148",0.6,2.2,"10,699","11,443",-1.4,11.1,"10,618","11,390",1.4,6.3,"10,503","9,993",0.3,2.9,"9,563","9,111",2.4,1.8
Dec 2001,"41,543","39,728",1.5,4.0,"34,260","32,515",3.1,6.7,"40,946","38,954",1.3,3.5,"19,367","18,351",1.1,5.1,"22,689","21,512",0.6,3.6,"5,369","5,441",0.4,5.6,"7,063","7,160",0.0,3.9,"1,777",750,"1,091",195,"1,667","1,599",20.4,23.3,"2,539","2,431",19.5,21.0,"5,558","5,412",2.0,6.2,"5,683","5,549",2.9,6.5,"33,738","31,552",4.3,7.4,"39,430","37,043",2.5,5.1,"11,192","11,112",-2.9,-3.7,"11,156","11,099",-2.6,-0.5,"10,671","10,064",0.7,-2.4,"9,679","9,239",1.4,4.1
Mar 2002,"39,722","40,082",0.9,4.6,"33,099","32,969",1.4,7.8,"39,556","39,430",1.2,5.8,"17,336","18,342",0.0,5.7,"20,216","21,386",-0.6,3.2,"5,349","5,510",1.3,3.6,"6,993","7,204",0.6,2.0,"1,274",980,887,598,"1,386","1,500",-6.2,15.6,"2,085","2,266",-6.8,12.8,"5,688","5,858",8.2,26.9,"5,810","5,947",7.2,25.8,"31,032","32,256",2.2,10.9,"36,413","37,824",2.1,8.1,"12,173","11,483",3.3,2.0,"12,197","11,509",3.7,3.4,"10,105","11,019",9.5,9.6,"9,368","10,038",8.6,11.4
Jun 2002,"39,664","40,610",1.3,4.6,"32,403","32,908",-0.2,3.9,"39,314","39,751",0.8,3.2,"18,753","18,944",3.3,5.9,"21,701","21,917",2.5,3.4,"5,901","5,599",1.6,4.0,"7,666","7,275",1.0,1.9,"-1,045",-122,-847,-47,"1,632","1,631",8.7,21.2,"2,426","2,428",7.1,16.5,"5,410","5,451",-6.9,2.3,"5,571","5,606",-5.7,3.2,"30,650","31,408",-2.6,4.6,"36,107","36,899",-2.4,2.4,"11,422","11,389",-0.8,-1.0,"12,062","11,982",4.1,7.2,"9,669","9,935",-9.8,0.1,"9,189","9,465",-5.7,6.5
Sep 2002,"40,568","41,086",1.2,5.0,"32,446","33,807",2.7,7.6,"38,830","40,520",1.9,5.7,"19,444","19,256",1.6,6.0,"22,506","22,273",1.6,4.0,"5,590","5,653",1.0,4.3,"7,204","7,292",0.2,1.9,255,616,-48,322,"1,936","1,872",14.8,41.2,"2,861","2,757",13.6,35.7,"5,606","5,549",1.8,4.8,"5,799","5,769",2.9,7.1,"32,830","32,990",5.0,9.5,"38,314","38,467",4.2,6.8,"10,397","11,165",-2.0,-2.8,"11,218","12,075",0.8,5.7,"10,781","10,247",3.1,2.6,"10,457","9,983",5.5,9.3
Dec 2002,"43,492","41,633",1.3,4.7,"35,739","34,018",0.6,4.3,"43,395","41,404",2.2,6.0,"20,648","19,571",1.6,6.6,"23,847","22,593",1.4,5.1,"5,622","5,691",0.7,4.7,"7,199","7,288",-0.1,1.9,"1,326",307,"1,393",490,"1,995","1,912",2.1,19.7,"2,898","2,775",0.7,14.1,"5,840","5,678",2.3,5.1,"6,129","5,975",3.6,7.8,"35,432","33,232",0.7,5.0,"41,857","39,430",2.5,6.2,"11,137","11,110",-0.5,-0.5,"12,436","12,411",2.8,11.5,"10,829","10,256",0.1,1.5,"10,831","10,339",3.6,11.9
Mar 2003,"41,462","41,863",0.6,4.4,"34,593","34,436",1.2,4.5,"41,691","41,520",0.3,5.4,"18,826","19,880",1.6,8.6,"21,734","22,949",1.6,7.5,"5,544","5,725",0.6,3.6,"7,065","7,294",0.1,1.0,558,283,567,281,"1,886","2,054",7.4,36.1,"2,684","2,930",5.6,28.7,"5,348","5,531",-2.6,-6.0,"5,687","5,835",-2.3,-2.1,"32,163","33,397",0.5,3.6,"37,910","39,303",-0.3,4.1,"11,447","10,800",-2.8,-6.0,"12,910","12,175",-1.9,5.8,"9,017","9,847",-4.0,-10.8,"9,504","10,173",-1.6,1.5
Jun 2003,"41,115","42,046",0.4,3.7,"34,407","34,963",1.5,6.2,"41,182","41,691",0.4,4.8,"19,849","20,093",1.1,5.8,"22,911","23,207",1.1,5.6,"6,169","5,844",2.1,4.5,"7,815","7,406",1.5,1.9,-582,423,-458,429,"2,174","2,165",5.4,33.2,"3,032","3,024",3.2,25.0,"5,785","5,830",5.4,6.9,"6,203","6,253",7.2,11.3,"33,394","34,301",2.7,9.0,"39,243","40,229",2.4,8.7,"10,643","10,527",-2.5,-6.8,"12,183","12,039",-1.1,1.0,"9,630","9,844",0.0,-0.4,"10,342","10,638",4.6,12.5
Sep 2003,"42,411","42,932",2.1,4.5,"34,303","35,651",2.0,5.7,"40,508","42,191",1.2,4.3,"20,543","20,359",1.3,5.7,"23,713","23,487",1.2,5.4,"5,948","6,024",3.1,6.4,"7,501","7,603",2.7,4.1,151,406,-72,200,"2,381","2,300",6.2,23.0,"3,280","3,159",4.5,14.6,"5,898","5,820",-0.2,5.2,"6,320","6,270",0.3,9.0,"34,921","34,953",1.9,6.4,"40,677","40,742",1.3,6.2,"9,894","10,658",1.2,-4.8,"11,459","12,378",2.8,2.1,"10,512","9,973",1.3,-2.5,"11,424","10,924",2.7,9.2
Dec 2003,"45,384","43,492",1.3,4.4,"38,232","36,450",2.2,7.0,"44,893","42,845",1.6,3.5,"22,049","20,915",2.7,6.8,"25,354","24,024",2.3,6.3,"6,101","6,165",2.3,8.5,"7,624","7,706",1.4,5.9,"1,163",143,"1,174",270,"2,461","2,364",2.8,23.4,"3,270","3,141",-0.6,12.8,"6,308","6,118",5.1,8.0,"6,830","6,636",5.8,11.4,"38,082","35,792",2.4,7.5,"44,540","41,968",3.0,6.4,"10,801","10,820",1.5,-3.0,"12,515","12,512",1.1,0.6,"10,650","10,149",1.8,-1.7,"12,000","11,462",4.9,10.8
Mar 2004,"43,793","44,234",1.7,5.6,"37,560","37,431",2.7,8.6,"44,062","43,910",2.5,5.7,"20,357","21,398",2.3,8.1,"23,383","24,569",2.3,7.6,"6,070","6,274",1.8,9.5,"7,510","7,760",0.7,6.3,527,303,605,359,"2,210","2,408",1.9,17.2,"2,882","3,141",0.0,7.4,"6,391","6,655",8.8,19.5,"7,168","7,406",11.6,26.0,"35,555","36,937",3.2,10.5,"41,788","43,307",3.2,10.2,"11,782","11,113",2.7,2.9,"13,773","12,979",3.7,6.7,"9,776","10,670",5.1,8.4,"11,480","12,280",7.1,20.8
Jun 2004,"43,671","44,616",0.9,6.2,"37,467","38,044",1.6,8.9,"43,416","43,923",0.0,5.4,"21,169","21,474",0.4,6.7,"24,074","24,444",-0.5,5.1,"6,740","6,382",1.7,9.3,"8,247","7,811",0.7,5.5,-893,148,-640,292,"2,659","2,640",9.6,22.3,"3,373","3,355",6.8,11.2,"6,658","6,699",0.7,15.1,"7,210","7,257",-2.0,16.2,"36,333","37,341",1.1,8.8,"42,149","43,219",-0.2,7.4,"12,138","11,941",7.5,14.0,"13,517","13,315",2.6,10.9,"11,003","11,212",5.1,14.3,"12,170","12,499",1.8,17.7
Sep 2004,"44,227","44,744",0.3,4.3,"37,182","38,635",1.6,8.4,"42,235","43,960",0.1,4.3,"22,301","22,104",2.9,8.6,"25,354","25,134",2.8,6.9,"6,385","6,474",1.4,7.3,"7,734","7,853",0.5,3.1,377,544,191,372,"2,651","2,565",-2.8,11.3,"3,296","3,180",-5.2,0.5,"7,009","6,896",2.9,18.8,"7,534","7,453",2.7,19.2,"38,723","38,685",3.6,10.9,"44,143","44,187",2.2,8.5,"10,171","10,986",-8.0,2.8,"11,481","12,440",-6.6,0.2,"11,711","11,081",-1.2,11.4,"13,212","12,641",1.1,15.7
Dec 2004,"46,805","44,901",0.4,3.1,"40,800","38,917",0.7,6.7,"46,174","44,078",0.3,2.9,"23,636","22,441",1.5,7.2,"26,735","25,345",0.8,5.4,"6,605","6,666",3.0,8.3,"7,937","8,013",2.0,4.1,"1,576",565,"1,359",462,"2,607","2,509",-2.2,5.9,"3,184","3,067",-3.6,-2.6,"7,015","6,800",-1.4,11.2,"7,584","7,362",-1.2,11.0,"41,437","39,019",0.9,8.8,"47,151","44,459",0.6,5.9,"11,303","11,354",3.3,4.6,"12,852","12,861",3.4,2.7,"11,940","11,453",3.4,12.1,"13,667","13,079",3.5,13.9
Mar 2005,"44,957","45,425",1.2,2.7,"39,109","38,989",0.2,4.1,"44,289","44,158",0.2,0.5,"21,551","22,602",0.7,5.9,"24,293","25,448",0.4,3.9,"6,654","6,881",3.2,9.6,"7,917","8,179",2.1,5.4,585,406,736,540,"2,428","2,633",4.9,9.9,"2,910","3,153",2.8,1.0,"6,405","6,695",-1.5,0.2,"6,928","7,189",-2.3,-3.3,"37,623","39,073",0.1,5.8,"42,975","44,516",0.1,2.8,"12,051","11,355",0.0,2.3,"13,663","12,869",0.1,-0.8,"10,564","11,503",0.4,8.1,"12,244","13,084",0.0,6.7
Jun 2005,"45,211","46,151",1.6,3.5,"39,718","40,279",3.3,6.0,"44,753","45,271",2.5,3.1,"22,817","23,183",2.6,7.8,"25,565","26,005",2.2,6.2,"7,538","7,139",3.7,11.8,"8,858","8,387",2.5,7.4,-560,489,-486,467,"2,655","2,642",0.3,-0.2,"3,113","3,103",-1.6,-7.7,"7,321","7,362",10.0,10.0,"7,930","7,982",11.0,10.0,"39,771","40,869",4.6,9.5,"45,014","46,181",3.7,6.8,"11,539","11,308",-0.4,-4.9,"13,068","12,826",-0.3,-3.3,"11,591","11,790",2.5,5.3,"13,201","13,537",3.5,8.5
Sep 2005,"45,856","46,376",0.5,3.7,"39,273","40,793",1.3,5.6,"43,608","45,363",0.2,3.3,"23,586","23,401",0.9,5.8,"26,243","26,056",0.2,3.5,"7,126","7,228",1.2,11.6,"8,284","8,421",0.4,7.1,630,766,391,497,"2,643","2,550",-3.5,-0.3,"3,072","2,961",-4.6,-6.8,"7,639","7,506",2.0,9.0,"8,255","8,144",2.0,9.6,"41,624","41,474",1.5,7.5,"46,348","46,336",0.3,5.0,"10,537","11,436",1.1,3.6,"11,756","12,798",-0.2,2.4,"12,888","12,195",3.4,10.1,"14,343","13,731",1.4,8.6
Dec 2005,"48,127","46,189",-0.4,2.8,"42,702","40,696",-0.2,4.7,"47,584","45,421",0.1,3.1,"25,123","23,852",1.9,6.3,"27,827","26,380",1.2,4.1,"7,297","7,361",1.8,10.5,"8,464","8,541",1.4,6.6,741,-297,748,-143,"2,725","2,639",3.5,4.5,"3,111","3,017",1.9,-2.3,"7,804","7,549",0.6,11.2,"8,410","8,140",0.0,10.9,"43,690","41,156",-0.8,5.4,"48,777","46,025",-0.7,3.4,"11,519","11,568",1.2,1.9,"12,851","12,847",0.4,0.0,"12,506","12,021",-1.4,4.7,"13,885","13,301",-3.1,1.6
Mar 2006,"46,433","46,949",1.6,3.3,"41,244","41,146",1.1,5.5,"45,929","45,855",1.0,3.7,"23,110","24,173",1.3,7.2,"25,452","26,583",0.8,4.8,"7,281","7,525",2.2,9.4,"8,387","8,655",1.3,5.9,290,140,386,236,"2,507","2,696",2.2,3.3,"2,835","3,045",0.9,-2.6,"7,026","7,391",-2.1,9.7,"7,527","7,878",-3.2,8.6,"40,214","41,810",1.6,6.9,"44,816","46,466",1.0,4.3,"12,492","11,749",1.6,3.7,"13,611","12,822",-0.2,-0.4,"11,462","12,449",3.6,8.5,"12,362","13,211",-0.7,1.0
Jun 2006,"46,238","47,163",0.5,2.3,"41,248","41,790",1.6,3.9,"45,235","45,693",-0.4,1.1,"24,084","24,505",1.4,5.6,"26,087","26,556",-0.1,2.0,"8,067","7,651",1.7,7.0,"9,202","8,719",0.7,3.9,-988,91,-841,126,"2,600","2,593",-3.8,-2.1,"2,892","2,887",-5.2,-7.1,"7,141","7,143",-3.4,-2.5,"7,502","7,507",-4.7,-5.4,"40,904","42,005",0.5,2.8,"44,733","45,843",-1.3,-0.6,"12,980","12,701",8.1,12.5,"13,277","12,990",1.3,1.6,"12,636","12,866",3.3,9.0,"12,627","12,934",-2.1,-4.3
Sep 2006,"46,930","47,465",0.6,2.3,"40,640","42,299",1.2,3.5,"44,736","46,561",1.9,2.6,"25,025","24,835",1.3,6.1,"26,940","26,774",0.8,2.7,"7,739","7,850",2.6,8.6,"8,683","8,836",1.3,4.8,-731,-601,-424,-368,"2,842","2,751",6.1,7.5,"3,108","3,007",4.2,1.2,"7,652","7,539",5.5,0.2,"7,969","7,874",4.9,-3.5,"42,528","42,400",0.9,2.2,"46,349","46,347",1.1,0.0,"11,890","12,966",2.1,12.8,"12,175","13,307",2.4,3.6,"13,778","13,050",1.4,6.9,"13,629","13,051",0.9,-5.0
Dec 2006,"49,908","47,884",0.9,3.7,"45,831","43,652",3.2,7.3,"49,158","46,912",0.8,3.3,"26,589","25,259",1.7,5.8,"28,662","27,203",1.6,3.0,"7,928","7,985",1.7,8.6,"8,822","8,891",0.6,4.2,"1,279",192,898,9,"2,936","2,844",3.4,7.7,"3,167","3,072",2.2,1.8,"7,783","7,523",-0.2,-0.3,"8,144","7,876",0.0,-3.2,"46,515","43,813",3.3,6.5,"49,897","47,076",1.6,2.3,"12,449","12,499",-3.6,8.1,"13,172","13,154",-1.1,2.5,"13,134","12,622",-3.3,5.0,"13,758","13,181",1.0,-0.9
Mar 2007,"47,897","48,473",1.2,3.2,"44,285","44,162",1.2,7.4,"47,327","47,286",0.8,3.0,"24,521","25,612",1.4,6.1,"26,416","27,545",1.3,3.8,"7,848","8,107",1.5,7.8,"8,678","8,946",0.6,3.5,175,15,65,-68,"2,661","2,847",0.1,6.1,"2,835","3,028",-1.4,0.0,"7,517","7,913",5.2,7.0,"7,906","8,296",5.3,5.0,"42,721","44,411",1.4,6.2,"45,876","47,589",1.1,2.4,"13,608","12,765",2.1,8.9,"14,442","13,620",3.5,6.1,"12,045","13,035",3.3,5.1,"12,878","13,762",4.4,4.2
Jun 2007,"47,984","48,914",0.9,3.8,"44,683","45,267",2.5,8.3,"47,485","47,921",1.3,5.0,"25,482","25,942",1.3,5.8,"27,264","27,765",0.8,4.5,"8,805","8,367",3.2,9.1,"9,640","9,151",2.3,4.8,-640,512,-670,316,"2,955","2,954",3.8,13.7,"3,095","3,095",2.2,7.0,"7,817","7,791",-1.5,9.5,"8,305","8,281",-0.2,10.7,"44,419","45,620",2.7,8.6,"47,633","48,789",2.5,6.5,"12,893","12,592",-1.4,-0.7,"13,774","13,430",-1.4,3.7,"12,628","12,712",-2.5,-0.1,"13,781","14,112",2.5,9.1
Sep 2007,"48,712","49,278",0.7,3.8,"44,688","46,598",2.9,10.0,"46,486","48,412",1.0,3.9,"26,363","26,190",1.0,5.3,"28,082","27,936",0.6,4.2,"8,402","8,522",1.9,8.6,"9,072","9,237",0.9,4.5,542,689,215,255,"3,124","3,026",2.4,9.9,"3,240","3,138",1.4,4.2,"8,219","8,133",4.4,7.4,"8,673","8,598",3.8,8.8,"46,650","46,597",2.1,9.7,"49,314","49,351",1.2,6.4,"11,820","12,964",3.0,-0.6,"12,419","13,623",1.4,2.0,"13,782","13,106",3.1,0.0,"14,985","14,365",1.8,9.9
Dec 2007,"51,473","49,359",0.2,3.1,"49,571","47,171",1.2,8.2,"50,976","48,649",0.5,3.7,"27,954","26,563",1.4,5.1,"29,550","28,054",0.4,3.1,"8,590","8,639",1.4,8.4,"9,197","9,257",0.2,4.3,"1,249",64,"1,245",328,"3,136","3,045",0.6,6.8,"3,214","3,127",-0.4,1.5,"8,757","8,462",4.0,12.5,"9,220","8,905",3.6,13.2,"49,686","46,704",0.2,6.8,"52,654","49,628",0.6,5.5,"14,463","14,520",12.0,16.2,"14,167","14,129",3.7,7.6,"14,578","13,964",6.5,11.0,"15,620","14,929",3.9,13.5
Mar 2008,"48,588","49,204",-0.3,1.4,"47,731","47,550",0.8,7.8,"48,424","48,393",-0.5,2.3,"25,998","27,113",2.1,6.0,"27,312","28,440",1.4,3.4,"8,604","8,876",2.7,9.6,"9,147","9,413",1.7,5.4,459,285,387,277,"2,636","2,805",-7.9,-0.9,"2,684","2,849",-8.9,-5.3,"7,995","8,403",-0.7,6.4,"8,452","8,875",-0.3,6.9,"45,693","47,485",1.7,7.0,"48,074","49,908",0.6,4.8,"15,469","14,458",-0.4,13.7,"14,787","13,964",-1.2,2.4,"13,430","14,478",3.7,11.5,"14,275","15,276",2.3,10.8
Jun 2008,"48,130","49,056",-0.3,0.3,"46,826","47,469",-0.2,4.8,"47,313","47,690",-1.5,-0.4,"26,547","27,023",-0.3,4.2,"27,442","27,932",-1.8,0.7,"9,528","9,080",2.3,8.2,"10,003","9,522",1.2,3.8,-596,687,-310,691,"2,605","2,607",-7.1,-11.8,"2,634","2,635",-7.5,-14.9,"8,852","8,789",4.6,13.2,"9,263","9,201",3.7,11.5,"46,936","48,259",1.6,5.7,"48,852","50,015",0.2,2.6,"15,163","14,785",2.3,17.6,"14,068","13,679",-2.0,2.1,"15,273","15,624",7.9,20.9,"15,417","15,807",3.5,11.9
Sep 2008,"48,321","48,889",-0.3,-0.8,"44,982","46,938",-1.1,0.7,"45,821","47,763",0.2,-1.4,"27,629","27,462",1.6,4.8,"28,097","27,975",0.2,0.1,"9,141","9,272",2.1,8.8,"9,435","9,610",0.9,4.0,69,168,512,539,"2,588","2,515",-3.5,-17.2,"2,590","2,517",-4.5,-20.1,"8,362","8,325",-5.3,1.7,"8,603","8,571",-6.8,-0.8,"47,789","47,773",-1.0,2.4,"49,337","49,400",-1.2,0.0,"13,838","15,288",3.4,17.1,"12,034","13,244",-3.2,-3.1,"16,644","15,907",1.8,20.8,"15,275","14,649",-7.3,1.9
Dec 2008,"50,666","48,561",-0.7,-1.6,"49,913","47,496",1.2,0.7,"49,991","47,739",-0.1,-1.9,"29,048","27,607",0.5,3.9,"29,459","27,975",0.0,-0.3,"9,502","9,543",2.9,10.6,"9,773","9,821",2.2,6.3,"1,017",-219,803,-118,"2,292","2,224",-11.6,-26.9,"2,295","2,233",-11.3,-28.6,"8,628","8,343",0.2,-1.5,"8,631","8,339",-2.7,-6.4,"50,486","47,427",-0.7,1.6,"51,118","48,180",-2.5,-2.9,"15,700","15,720",2.8,8.6,"13,302","13,236",-0.1,-6.1,"16,272","15,524",-2.4,11.6,"14,159","13,502",-7.8,-9.4
Mar 2009,"47,454","48,072",-1.0,-2.3,"47,685","47,446",-0.1,-0.1,"47,412","47,334",-0.8,-2.1,"26,133","27,205",-1.5,0.5,"26,314","27,349",-2.2,-3.7,"9,308","9,585",0.4,8.2,"9,536","9,797",-0.2,4.3,-438,-653,-416,-537,"2,128","2,259",1.6,-19.3,"2,143","2,267",1.5,-20.2,"7,540","7,892",-5.4,-5.7,"7,420","7,764",-6.9,-12.2,"44,671","46,339",-2.3,-2.2,"45,005","46,681",-3.1,-6.4,"16,059","14,991",-4.6,3.8,"14,263","13,487",1.9,-3.5,"13,045","14,012",-9.7,-2.9,"11,768","12,595",-6.7,-17.6
Jun 2009,"47,143","48,046",-0.1,-2.1,"46,818","47,477",0.1,0.0,"47,564","47,920",1.2,0.5,"27,364","27,825",2.3,3.1,"27,438","27,896",2.0,0.0,"9,911","9,469",-1.2,4.0,"10,044","9,586",-2.2,0.4,"-2,446","-1,015","-2,050","-1,012","2,193","2,190",-3.1,-15.8,"2,198","2,194",-3.2,-16.6,"8,021","7,946",0.7,-9.4,"7,875","7,810",0.6,-15.0,"45,044","46,393",0.1,-4.0,"45,322","46,430",-0.5,-7.2,"14,446","14,054",-6.3,-4.7,"14,227","13,814",2.4,1.1,"12,672","12,990",-7.3,-17.0,"12,030","12,369",-1.8,-22.0
Sep 2009,"47,706","48,284",0.5,-1.3,"46,216","48,264",1.7,2.7,"46,179","48,188",0.6,0.8,"28,200","28,091",1.0,2.1,"28,139","28,059",0.6,0.1,"9,503","9,639",1.8,4.0,"9,491","9,664",0.8,0.6,-772,-742,-733,-739,"2,218","2,165",-1.1,-14.3,"2,222","2,168",-1.2,-14.2,"7,620","7,627",-4.0,-8.9,"7,609","7,617",-2.5,-11.6,"46,769","46,780",0.8,-2.1,"46,634","46,698",0.6,-5.5,"12,492","13,896",-1.1,-9.7,"12,690","14,002",1.4,5.5,"13,046","12,528",-3.6,-21.6,"12,991","12,447",0.6,-15.0
Dec 2009,"51,038","48,897",1.3,0.7,"51,148","48,672",0.8,2.5,"51,090","48,806",1.3,2.2,"29,820","28,365",1.0,2.7,"29,852","28,374",1.1,1.3,"9,621","9,658",0.2,1.3,"9,581","9,620",-0.5,-2.0,"1,608",334,"1,299",382,"2,348","2,285",5.5,2.4,"2,340","2,284",5.4,2.0,"7,551","7,299",-4.3,-12.5,"7,640","7,374",-3.2,-11.5,"50,948","47,839",2.3,0.9,"50,892","47,976",2.7,-0.4,"13,441","13,418",-3.4,-14.4,"14,058","13,965",-0.3,5.7,"13,241","12,584",0.4,-18.6,"13,794","13,132",5.5,-2.6
Mar 2010,"48,420","49,058",0.3,2.0,"50,124","49,830",2.4,5.1,"49,473","49,344",1.1,4.3,"27,630","28,765",1.4,5.7,"27,586","28,686",1.1,4.8,"9,397","9,662",0.0,1.0,"9,317","9,562",-0.6,-2.3,758,510,632,509,"2,082","2,195",-3.9,-2.2,"2,082","2,189",-4.2,-2.8,"7,165","7,486",2.6,-5.0,"7,233","7,558",2.5,-2.5,"47,032","48,722",1.8,5.3,"46,945","48,653",1.4,4.3,"15,452","14,402",7.3,-3.8,"14,856","14,035",0.5,4.2,"12,361","13,237",5.2,-5.2,"12,505","13,379",1.9,6.3
Jun 2010,"48,480","49,405",0.7,2.8,"49,385","50,105",0.6,5.5,"49,251","49,608",0.5,3.5,"28,439","28,882",0.4,3.9,"28,387","28,827",0.5,3.5,"10,232","9,789",1.3,3.2,"10,103","9,658",1.0,0.6,"-1,581",9,-717,370,"2,403","2,394",9.1,9.6,"2,403","2,394",9.4,9.3,"7,440","7,360",-1.7,-7.2,"7,517","7,448",-1.5,-4.5,"46,933","48,419",-0.6,4.2,"47,604","48,815",0.3,5.0,"15,616","15,195",5.5,8.1,"14,771","14,360",2.3,3.8,"13,164","13,540",2.3,3.9,"13,195","13,626",1.8,9.7
Sep 2010,"48,671","49,282",-0.2,2.0,"48,297","50,429",0.6,4.5,"46,805","48,883",-1.5,1.4,"29,228","29,128",0.9,3.6,"28,893","28,827",0.0,2.7,"9,811","9,957",1.7,3.2,"9,605","9,782",1.3,1.2,177,84,-50,-137,"2,328","2,291",-4.3,5.0,"2,328","2,289",-4.4,4.8,"7,586","7,606",3.3,-0.4,"7,672","7,691",3.3,0.8,"49,129","49,081",1.4,5.0,"48,396","48,400",-0.9,3.8,"13,549","15,144",-0.3,8.5,"13,006","14,392",0.2,2.5,"14,381","13,821",2.1,10.2,"14,599","13,941",2.3,12.4
Dec 2010,"51,188","49,026",-0.5,0.3,"53,725","51,153",1.4,5.0,"50,604","48,363",-1.1,-1.0,"31,070","29,587",1.6,4.2,"30,287","28,797",-0.1,1.5,"9,996","10,033",0.8,3.9,"9,747","9,783",0.0,1.7,"2,180",913,"1,114",242,"2,250","2,187",-4.5,-4.2,"2,215","2,160",-5.6,-5.3,"8,219","7,948",4.5,8.8,"8,440","8,149",6.0,10.5,"53,715","50,508",2.9,5.4,"52,005","49,100",1.4,2.2,"15,416","15,333",1.2,14.7,"14,433","14,301",-0.6,2.7,"15,406","14,634",5.9,16.4,"15,799","15,051",8.0,14.5
Mar 2011,"48,929","49,561",1.1,1.1,"51,935","51,598",0.9,3.6,"49,381","49,172",1.7,-0.2,"28,850","30,004",1.4,4.4,"27,923","29,040",0.8,1.2,"10,023","10,288",2.5,6.7,"9,709","9,954",1.7,4.2,87,-171,97,-25,"2,098","2,199",0.5,0.8,"2,074","2,167",0.3,-0.4,"7,839","8,181",2.9,9.4,"8,023","8,375",2.8,10.9,"48,898","50,579",0.1,4.0,"47,848","49,522",0.9,1.9,"16,978","15,807",3.1,9.9,"15,197","14,309",0.1,2.3,"13,941","14,885",1.7,12.8,"13,626","14,553",-3.3,9.0
Jun 2011,"48,872","49,812",0.5,0.8,"51,699","52,456",1.7,4.7,"49,221","49,627",0.9,-0.1,"30,125","30,571",1.9,5.9,"28,901","29,330",1.0,1.8,"10,837","10,381",0.9,5.9,"10,435","9,989",0.4,3.3,"-1,653",26,-793,324,"2,186","2,175",-1.1,-9.0,"2,155","2,146",-1.0,-10.3,"8,120","8,047",-1.6,9.1,"8,274","8,211",-2.0,10.1,"49,614","51,234",1.3,5.7,"48,713","50,012",1.0,2.3,"16,914","16,484",4.3,8.3,"14,972","14,611",2.1,1.4,"14,830","15,312",2.9,12.7,"14,478","15,016",3.2,9.7
Sep 2011,"49,680","50,325",1.0,2.1,"51,084","53,343",1.7,5.8,"48,072","50,210",1.2,2.7,"31,103","31,014",1.4,6.4,"29,804","29,744",1.4,3.2,"10,199","10,357",-0.2,4.0,"9,739","9,919",-0.7,1.4,762,584,590,421,"2,337","2,315",6.4,0.4,"2,300","2,276",6.1,-1.2,"8,111","8,114",0.8,6.9,"8,337","8,339",1.6,8.7,"52,512","52,391",2.3,6.9,"50,952","50,856",1.7,5.3,"14,370","16,121",-2.2,6.1,"13,158","14,612",0.0,1.2,"15,797","15,150",-1.1,9.8,"16,009","15,225",1.4,9.7
Dec 2011,"52,862","50,614",0.6,3.3,"56,290","53,603",0.5,4.8,"52,952","50,617",0.8,4.6,"32,669","31,117",0.3,5.1,"31,396","29,848",0.3,3.7,"10,477","10,510",1.5,4.8,"9,984","10,014",1.0,2.4,"1,333",65,710,-127,"2,532","2,462",6.3,12.5,"2,475","2,415",6.1,11.7,"8,594","8,306",2.4,4.6,"8,798","8,494",1.9,4.2,"55,604","52,345",-0.1,3.5,"53,617","50,705",-0.3,3.1,"16,803","16,652",3.3,9.0,"15,207","15,027",2.8,5.4,"16,117","15,312",1.1,4.6,"15,866","15,145",-0.5,0.4
Mar 2012,"50,296","50,926",0.6,2.8,"53,953","53,602",0.0,3.9,"50,982","50,698",0.2,3.2,"30,314","31,529",1.3,5.1,"29,034","30,199",1.2,4.0,"10,201","10,458",-0.5,1.8,"9,707","9,943",-0.7,0.0,827,604,577,493,"2,394","2,490",1.1,14.1,"2,335","2,422",0.3,12.6,"8,258","8,636",4.0,5.3,"8,448","8,837",4.0,5.3,"51,995","53,802",2.8,6.3,"50,168","51,911",2.4,4.8,"16,662","15,467",-7.1,-1.9,"15,387","14,404",-4.1,1.3,"14,704","15,688",2.5,5.5,"14,627","15,603",3.0,7.3
Jun 2012,"50,110","51,098",0.3,2.5,"53,604","54,385",1.5,3.7,"50,514","51,013",0.6,2.6,"31,215","31,665",0.4,3.6,"29,743","30,176",-0.1,2.9,"10,939","10,496",0.4,0.9,"10,366","9,941",0.0,-0.7,"-1,154",546,"-1,190",-78,"2,618","2,610",4.8,19.8,"2,525","2,520",4.0,17.2,"8,651","8,600",-0.4,6.5,"8,833","8,786",-0.6,6.8,"52,269","53,964",0.3,5.4,"50,009","51,375",-1.0,2.7,"16,225","15,891",2.7,-4.1,"15,044","14,764",2.5,0.5,"14,890","15,443",-1.6,0.4,"14,571","15,146",-2.9,0.6
Sep 2012,"50,561","51,227",0.3,1.8,"51,655","53,909",-0.9,1.1,"49,143","51,297",0.6,2.2,"31,757","31,683",0.1,2.1,"30,212","30,174",0.0,1.4,"10,316","10,464",-0.3,1.1,"9,739","9,902",-0.4,0.0,330,88,385,146,"2,743","2,729",4.6,17.4,"2,624","2,608",3.5,14.1,"8,398","8,353",-2.9,3.5,"8,570","8,523",-3.0,2.8,"53,544","53,291",-1.2,2.0,"51,612","51,377",0.0,1.3,"14,250","16,018",0.8,-0.8,"13,750","15,337",3.9,4.5,"16,139","15,400",-0.3,2.2,"16,226","15,383",1.6,1.4
Dec 2012,"54,343","52,014",1.5,2.8,"56,722","54,054",0.3,0.8,"54,296","51,897",1.2,2.5,"33,684","32,092",1.3,3.1,"32,169","30,585",1.4,2.5,"10,509","10,548",0.8,0.3,"9,908","9,944",0.4,-0.8,"1,226",-12,"1,060",282,"3,046","2,963",8.6,20.3,"2,886","2,815",7.9,16.6,"8,675","8,376",0.3,0.9,"8,902","8,597",0.9,1.2,"57,140","53,919",1.2,2.8,"55,108","52,232",1.7,2.8,"15,540","15,336",-4.3,-7.5,"15,387","15,144",-1.3,1.2,"15,958","15,168",-1.5,-1.0,"16,169","15,476",0.6,1.9
Mar 2013,"51,225","51,851",-0.3,1.8,"55,509","55,153",2.0,2.9,"52,501","52,172",0.5,3.0,"31,232","32,462",1.2,3.0,"29,761","30,930",1.1,2.5,"10,389","10,640",0.9,1.8,"9,760","9,989",0.5,0.5,387,190,264,180,"3,037","3,143",6.1,26.9,"2,860","2,952",4.9,22.5,"7,978","8,387",0.1,-3.4,"8,227","8,647",0.6,-2.6,"53,023","54,915",1.8,2.0,"50,976","52,755",1.0,1.6,"16,751","15,516",1.2,0.5,"16,329","15,212",0.4,6.1,"14,266","15,255",0.6,-3.0,"14,824","15,802",2.1,1.3
Jun 2013,"51,412","52,460",1.2,2.6,"54,952","55,716",1.0,2.5,"51,431","52,024",-0.3,1.8,"32,464","32,937",1.5,4.0,"30,842","31,293",1.2,3.7,"11,070","10,643",0.0,1.2,"10,360","9,957",-0.3,-0.1,"-1,678",-20,"-1,563",-459,"3,250","3,245",3.2,24.1,"3,012","3,011",2.0,19.3,"8,802","8,765",4.5,1.7,"9,104","9,062",4.8,3.1,"53,907","55,564",1.2,3.1,"51,729","53,130",0.7,3.4,"15,802","15,557",0.3,-2.6,"15,106","14,899",-2.1,0.4,"14,758","15,349",0.6,-0.9,"15,433","16,037",1.5,5.9
Sep 2013,"52,075","52,761",0.6,3.0,"55,174","57,562",3.3,6.8,"50,318","52,464",0.8,2.4,"33,343","33,263",1.0,5.0,"31,473","31,440",0.5,4.2,"10,733","10,859",2.0,4.0,"9,966","10,105",1.5,2.3,"1,111",885,840,587,"3,366","3,351",3.3,22.7,"3,094","3,077",2.2,17.9,"9,082","8,986",2.5,8.1,"9,388","9,285",2.5,9.5,"57,635","57,286",3.1,7.6,"54,635","54,287",2.2,5.9,"14,652","16,472",5.9,2.8,"13,290","14,874",-0.2,-3.3,"17,113","16,243",5.8,6.0,"17,740","16,800",4.8,9.3
Dec 2013,"55,284","52,888",0.2,1.7,"62,443","59,577",3.5,10.1,"55,204","52,761",0.6,1.7,"35,403","33,698",1.3,5.1,"33,421","31,749",1.0,3.9,"10,955","11,010",1.4,4.2,"10,168","10,218",1.1,2.6,"2,013",794,817,59,"3,591","3,505",4.6,17.9,"3,241","3,171",3.1,12.3,"9,349","9,006",0.2,7.8,"9,665","9,327",0.5,8.6,"61,311","57,948",1.2,7.3,"57,233","54,328",0.1,3.9,"17,622","17,355",5.4,13.4,"15,461","15,180",2.1,0.5,"16,490","15,671",-3.5,3.3,"17,539","16,815",0.1,8.5
Mar 2014,"53,027","53,681",1.5,3.5,"60,223","59,805",0.4,8.5,"53,658","53,328",1.1,2.2,"32,671","33,991",0.9,4.6,"30,804","32,037",0.9,3.5,"10,873","11,138",1.2,4.7,"10,043","10,282",0.6,2.9,399,175,60,-40,"3,579","3,683",5.1,17.8,"3,205","3,289",3.7,12.1,"8,670","9,184",2.0,8.7,"8,976","9,501",1.9,9.1,"56,191","58,268",0.6,6.0,"53,027","54,905",1.1,4.0,"19,000","17,562",1.2,13.4,"16,735","15,540",2.4,2.5,"14,968","16,073",2.6,4.9,"16,099","17,172",2.1,8.6
Jun 2014,"52,856","53,958",0.5,2.8,"59,135","59,949",0.2,7.6,"52,936","53,598",0.5,2.9,"33,769","34,267",0.8,4.0,"31,723","32,188",0.5,2.9,"11,642","11,205",0.6,5.2,"10,708","10,301",0.2,3.4,"-1,051",592,-593,504,"3,786","3,791",2.9,16.5,"3,343","3,351",1.9,11.0,"9,451","9,410",2.5,7.4,"9,827","9,774",2.9,7.9,"57,597","59,276",1.7,6.8,"54,446","55,890",1.8,5.3,"17,068","16,862",-4.0,8.0,"15,339","15,165",-2.4,1.5,"15,530","16,170",0.6,5.2,"16,943","17,565",2.3,9.8
Sep 2014,"53,950","54,643",1.3,3.6,"57,856","60,319",0.6,4.9,"52,093","54,241",1.2,3.5,"34,834","34,760",1.4,4.5,"32,658","32,637",1.4,3.8,"11,260","11,355",1.3,4.9,"10,321","10,432",1.3,3.6,577,406,702,482,"3,886","3,863",1.9,15.4,"3,403","3,381",0.9,10.0,"9,931","9,779",3.9,9.3,"10,303","10,140",3.7,9.7,"60,488","60,064",1.3,5.0,"57,090","56,669",1.4,4.5,"14,610","16,419",-2.6,-0.3,"13,553","15,199",0.2,2.0,"17,243","16,294",0.8,0.8,"18,777","17,799",1.3,5.8
Dec 2014,"58,053","55,529",1.6,5.0,"63,683","60,832",0.9,2.0,"57,507","54,978",1.4,4.2,"36,755","34,961",0.6,3.8,"34,456","32,719",0.3,3.1,"11,380","11,465",1.0,3.9,"10,402","10,482",0.5,2.3,"1,445",221,"1,014",263,"4,045","3,958",2.5,12.6,"3,466","3,398",0.5,6.9,"10,316","9,931",1.6,10.3,"10,585","10,218",0.8,9.5,"63,940","60,507",0.7,4.3,"59,733","56,759",0.2,4.4,"17,477","17,195",4.7,-0.8,"16,639","16,320",7.4,7.6,"17,734","16,860",3.5,7.5,"18,996","18,216",2.3,8.3
Mar 2015,"55,020","55,707",0.3,3.8,"61,995","61,547",1.2,2.9,"55,656","55,352",0.7,3.7,"34,010","35,378",1.2,4.1,"31,888","33,146",1.3,3.5,"11,275","11,547",0.7,3.7,"10,282","10,523",0.4,2.4,289,3,243,80,"3,969","4,079",3.1,10.9,"3,373","3,455",1.7,5.2,"9,156","9,745",-1.9,5.6,"9,400","9,994",-2.2,4.7,"58,700","60,908",0.7,4.5,"54,868","56,823",0.1,3.5,"18,751","17,343",0.9,-1.3,"17,960","16,679",2.2,7.3,"15,456","16,657",-1.2,3.3,"17,251","18,417",1.1,7.2
Jun 2015,"54,956","56,114",0.7,4.0,"62,067","62,897",2.2,5.0,"55,195","55,871",0.9,4.3,"35,336","35,870",1.4,4.6,"33,005","33,493",1.0,4.0,"12,234","11,782",2.0,5.1,"11,118","10,693",1.6,3.8,-974,688,-894,214,"4,144","4,151",1.8,9.5,"3,456","3,467",0.3,3.4,"10,019","9,974",2.3,6.0,"10,251","10,188",1.9,4.3,"60,759","62,464",2.6,5.5,"56,415","57,861",1.8,3.6,"17,533","17,301",-0.2,2.7,"16,682","16,465",-1.3,8.8,"16,225","16,880",1.3,4.5,"18,059","18,670",1.4,6.6
Sep 2015,"56,008","56,709",1.1,3.8,"60,974","63,536",1.0,5.4,"54,562","56,759",1.6,4.7,"36,505","36,446",1.6,4.8,"33,840","33,825",1.0,3.6,"11,673","11,741",-0.3,3.7,"10,538","10,628",-0.6,2.1,11,-100,142,-3,"4,387","4,353",4.9,12.9,"3,613","3,584",3.4,6.2,"10,704","10,517",5.4,7.8,"10,679","10,491",3.0,3.6,"63,280","62,835",0.6,4.6,"58,437","58,033",0.3,2.4,"16,410","18,457",6.7,12.3,"15,097","16,945",2.9,11.4,"18,716","17,663",4.6,8.5,"19,282","18,327",-1.8,2.7
Dec 2015,"59,911","57,304",1.0,3.2,"66,688","63,762",0.4,4.7,"59,955","57,354",1.0,4.3,"38,899","36,939",1.4,5.8,"36,178","34,320",1.5,5.0,"11,655","11,766",0.2,2.4,"10,498","10,604",-0.2,0.9,"1,237",-5,934,146,"4,542","4,457",2.4,12.3,"3,722","3,658",2.1,7.4,"10,547","10,145",-3.5,2.2,"10,529","10,159",-3.2,-0.5,"66,880","63,303",0.7,4.6,"61,608","58,542",0.9,3.1,"18,046","17,749",-3.8,3.3,"17,499","17,176",1.4,5.2,"18,238","17,324",-1.9,2.8,"19,199","18,384",0.3,1.1
Mar 2016,"57,237","57,970",1.2,4.0,"65,724","65,248",2.3,6.0,"58,209","57,933",1.0,4.6,"35,716","37,183",0.7,5.0,"33,227","34,564",0.7,4.2,"11,667","11,942",1.5,3.5,"10,469","10,710",1.0,1.8,453,85,506,286,"4,635","4,755",6.7,16.8,"3,751","3,835",4.8,11.2,"9,518","10,152",0.1,4.0,"9,539","10,158",0.0,1.5,"61,990","64,339",1.6,5.6,"57,206","59,243",1.2,4.3,"19,401","17,993",1.4,3.5,"18,456","17,177",0.0,2.8,"15,667","16,938",-2.2,1.4,"17,314","18,506",0.7,0.4
Jun 2016,"57,315","58,525",1.0,4.3,"65,451","66,312",1.6,5.5,"57,887","58,556",1.1,4.9,"37,742","38,335",3.1,6.8,"34,952","35,483",2.7,5.9,"12,474","12,026",0.7,2.0,"11,137","10,715",0.0,0.2,"-1,639",92,"-1,253",-109,"5,038","5,057",6.4,21.6,"3,986","4,007",4.5,15.3,"10,168","10,119",-0.3,1.5,"10,182","10,117",-0.4,-0.7,"63,784","65,562",1.9,5.0,"58,508","59,985",1.3,3.7,"18,363","18,048",0.3,4.7,"17,770","17,471",1.7,6.5,"16,696","17,341",2.4,2.9,"18,433","19,016",2.8,2.1
Sep 2016,"58,342","59,042",0.9,4.2,"64,457","67,115",1.2,5.7,"56,690","58,921",0.6,3.9,"39,009","38,923",1.5,6.9,"36,112","36,059",1.6,6.7,"12,205","12,255",1.9,4.6,"10,745","10,823",1.0,2.0,228,128,113,17,"5,152","5,096",0.8,17.4,"4,010","3,967",-1.0,11.0,"10,378","10,200",0.8,-3.0,"10,421","10,245",1.3,-2.4,"66,972","66,492",1.4,5.8,"61,137","60,758",1.3,4.6,"15,725","17,711",-1.9,-4.2,"15,541","17,439",-0.2,2.9,"18,240","17,219",-0.7,-2.5,"20,393","19,432",2.2,5.8
Dec 2016,"61,943","59,263",0.4,3.4,"71,173","68,083",1.4,6.7,"61,712","59,088",0.3,2.9,"41,652","39,516",1.5,7.1,"38,412","36,412",1.0,6.2,"12,263","12,388",1.1,5.2,"10,783","10,902",0.7,2.7,"1,651",417,"1,241",431,"5,246","5,152",1.1,15.5,"4,017","3,952",-0.4,7.9,"10,532","10,127",-0.7,-0.1,"10,487","10,110",-1.3,-0.4,"71,344","67,537",1.6,6.7,"64,720","61,478",1.2,5.1,"18,105","17,786",0.4,0.3,"17,312","17,014",-2.4,-1.1,"18,277","17,346",0.7,0.2,"20,536","19,634",1.0,7.0
Mar 2017,"59,107","59,878",1.0,3.3,"70,240","69,775",2.5,6.9,"60,036","59,790",1.2,3.1,"38,863","40,517",2.5,8.8,"35,525","37,032",1.7,6.9,"12,284","12,570",1.5,5.3,"10,755","11,000",0.9,2.7,"1,235",779,777,479,"5,003","5,137",-0.3,7.9,"3,809","3,896",-1.4,1.5,"9,697","10,332",2.0,1.9,"9,642","10,253",1.4,1.1,"67,082","69,615",3.1,8.2,"60,332","62,464",1.6,5.5,"20,095","18,729",5.3,3.6,"18,381","17,173",0.9,-0.4,"16,937","18,349",5.8,8.1,"18,631","19,920",1.5,7.6
Jun 2017,"59,286","60,529",1.1,3.4,"69,677","70,552",1.1,6.5,"59,995","60,626",1.4,3.6,"40,235","40,909",1.0,6.6,"36,756","37,343",0.8,5.2,"13,160","12,695",1.0,5.5,"11,476","11,044",0.4,3.0,"-1,693",121,-871,347,"5,127","5,150",0.3,1.8,"3,833","3,855",-1.1,-3.8,"10,823","10,773",4.3,6.4,"10,750","10,689",4.3,5.6,"67,653","69,538",-0.1,6.1,"61,295","62,836",0.6,4.8,"20,116","19,672",5.0,9.5,"18,174","17,778",3.5,2.3,"18,092","18,751",2.2,8.4,"19,578","20,189",1.4,6.2
Sep 2017,"60,340","61,046",0.9,3.4,"69,403","72,250",2.4,7.7,"59,018","61,315",1.1,4.1,"41,518","41,416",1.2,6.4,"37,831","37,758",1.1,4.8,"12,975","13,032",2.7,6.3,"11,252","11,335",2.6,4.7,324,203,93,13,"5,367","5,304",3.0,4.2,"3,978","3,933",2.0,-0.8,"11,298","11,127",3.3,8.9,"11,210","11,048",3.4,7.6,"71,483","70,976",2.1,6.7,"64,061","63,709",1.4,4.8,"17,361","19,565",-0.5,10.4,"16,008","17,945",0.9,3.0,"19,440","18,370",-2.0,6.6,"21,631","20,638",2.2,6.1
Dec 2017,"64,337","61,562",0.8,3.9,"77,162","73,812",2.2,8.4,"64,764","62,063",1.2,4.9,"44,469","42,148",1.8,6.8,"40,381","38,252",1.3,5.1,"12,985","13,102",0.5,5.9,"11,174","11,289",-0.4,3.6,"1,984",778,"1,134",301,"5,445","5,337",0.6,3.8,"3,977","3,905",-0.7,-1.0,"12,214","11,738",5.5,16.0,"12,109","11,658",5.5,15.5,"77,097","73,020",2.9,8.1,"68,536","65,114",2.2,5.9,"21,044","20,671",5.7,16.2,"18,269","17,998",0.3,5.5,"20,979","19,910",8.4,14.8,"22,418","21,406",3.7,9.2
Mar 2018,"61,213","62,034",0.8,3.6,"74,609","74,149",0.5,6.2,"62,846","62,605",0.9,4.7,"40,818","42,553",1.0,5.0,"37,027","38,594",0.9,4.2,"12,971","13,278",1.3,5.6,"11,109","11,366",0.7,3.3,"1,525",977,"1,081",725,"5,153","5,298",-0.7,3.0,"3,754","3,845",-1.5,-1.4,"11,353","12,062",2.8,17.1,"11,264","11,941",2.4,16.8,"71,819","74,439",1.9,7.1,"63,971","66,135",1.6,6.0,"21,682","20,275",-1.9,7.9,"19,214","17,998",0.0,4.5,"18,891","20,471",2.8,11.5,"20,422","21,837",2.0,9.6
Jun 2018,"61,454","62,726",1.1,3.7,"74,528","75,460",1.8,7.0,"62,844","63,462",1.4,4.7,"42,615","43,369",1.9,5.9,"38,504","39,150",1.4,4.8,"14,111","13,607",2.5,7.2,"12,005","11,547",1.6,4.6,"-1,082",834,-643,650,"5,290","5,324",0.5,3.2,"3,799","3,828",-0.4,-0.9,"12,406","12,367",2.5,14.6,"12,224","12,182",2.0,13.7,"73,339","75,450",1.4,8.4,"65,154","66,850",1.1,6.3,"21,391","20,847",2.8,6.3,"18,727","18,246",1.4,3.0,"20,203","20,911",2.1,11.7,"21,280","21,964",0.6,8.7
Sep 2018,"62,193","62,904",0.3,3.1,"73,050","76,060",0.8,5.3,"61,236","63,599",0.2,3.8,"44,252","44,123",1.7,6.6,"39,618","39,523",1.0,4.7,"13,721","13,810",1.5,5.7,"11,486","11,591",0.4,2.1,819,646,547,457,"5,419","5,351",0.5,1.0,"3,858","3,813",-0.4,-3.0,"12,486","12,324",-0.3,10.5,"12,133","11,992",-1.6,8.2,"76,697","76,127",0.9,7.3,"67,200","66,835",0.0,4.9,"19,076","21,518",3.2,9.9,"16,300","18,265",0.1,1.8,"22,723","21,496",2.8,16.9,"22,891","21,834",-0.6,5.8
Dec 2018,"66,554","63,701",1.3,3.4,"80,345","76,777",0.9,4.1,"67,254","64,499",1.4,3.8,"47,243","44,753",1.4,6.2,"42,263","40,022",1.3,4.7,"13,953","14,051",1.7,7.5,"11,540","11,640",0.4,3.3,"1,376",199,984,148,"5,581","5,453",1.9,2.5,"3,937","3,854",1.1,-1.0,"13,074","12,552",1.9,7.0,"12,675","12,176",1.5,4.7,"81,228","77,013",1.2,5.4,"71,002","67,523",1.0,3.6,"21,788","21,376",-0.7,3.5,"18,797","18,549",1.6,2.9,"22,671","21,519",0.1,8.1,"22,855","21,807",-0.1,1.9
Mar 2019,"63,212","64,066",0.6,3.3,"78,401","77,993",1.6,5.1,"65,201","64,947",0.7,3.7,"43,056","44,884",0.3,5.5,"38,539","40,159",0.3,4.1,"14,036","14,366",2.2,8.2,"11,533","11,802",1.4,3.8,342,-260,120,-291,"5,597","5,770",5.8,8.6,"3,919","4,023",4.4,4.4,"12,169","12,876",2.6,7.2,"11,786","12,439",2.2,4.6,"75,199","77,791",1.0,4.7,"65,505","67,556",0.0,2.4,"23,118","21,666",1.4,6.6,"20,277","19,016",2.5,5.5,"19,916","21,575",0.3,5.4,"20,627","22,068",1.2,1.0
Jun 2019,"63,117","64,412",0.5,2.7,"78,374","79,334",1.7,5.2,"64,785","65,394",0.7,3.1,"44,694","45,513",1.4,4.9,"39,736","40,422",0.7,3.2,"15,284","14,731",2.5,8.3,"12,478","11,994",1.6,3.9,"-1,890",92,"-1,314",41,"5,770","5,812",0.7,9.1,"4,007","4,041",0.4,5.5,"13,127","13,135",2.0,5.8,"12,572","12,591",1.2,2.8,"76,984","79,280",1.9,5.0,"66,732","68,564",1.5,2.4,"22,461","21,867",0.9,5.0,"19,288","18,749",-1.4,3.0,"21,071","21,791",1.0,4.3,"21,418","22,122",0.2,0.6
Sep 2019,"64,213","64,948",0.8,3.2,"77,836","81,096",2.2,6.6,"63,690","66,150",1.2,4.0,"46,242","46,105",1.3,4.5,"40,842","40,739",0.8,3.1,"14,977","15,124",2.7,9.2,"12,083","12,232",2.0,5.2,"1,090",872,778,681,"5,918","5,845",0.6,9.2,"4,073","4,026",-0.4,5.6,"13,403","13,239",0.8,7.3,"12,795","12,662",0.6,5.5,"81,629","80,992",2.2,6.4,"70,111","69,717",1.7,4.3,"19,394","21,876",0.0,1.7,"16,598","18,613",-0.7,1.8,"23,187","21,948",0.7,2.0,"23,584","22,474",1.6,3.0
Dec 2019,"68,080","65,160",0.3,2.3,"85,593","81,689",0.7,6.5,"69,061","66,252",0.2,2.7,"49,226","46,623",1.1,4.2,"43,213","40,925",0.5,2.2,"15,489","15,561",2.9,11.0,"12,386","12,462",1.9,7.3,"1,702",556,"1,148",315,"6,156","5,993",2.5,10.3,"4,184","4,083",1.4,6.3,"13,719","13,157",-0.6,4.9,"13,049","12,507",-1.2,3.0,"86,292","81,945",1.2,6.2,"73,563","70,065",0.5,3.6,"22,766","22,326",2.1,4.5,"18,803","18,566",-0.3,0.0,"23,465","22,286",1.5,3.5,"23,660","22,574",0.4,3.5
Mar 2020,"63,548","64,413",-1.1,0.5,"82,210","81,851",0.2,4.9,"65,852","65,586",-1.0,1.0,"44,863","46,690",0.1,4.2,"39,117","40,692",-0.6,1.5,"15,473","15,825",1.7,10.2,"12,313","12,591",1.0,6.8,22,-615,-110,-569,"5,496","5,680",-5.2,-1.8,"3,695","3,801",-6.9,-5.7,"12,227","12,885",-2.1,0.5,"11,624","12,213",-2.4,-1.4,"78,080","80,577",-1.7,3.8,"66,234","68,106",-2.8,1.1,"23,946","22,442",0.5,3.6,"19,671","18,439",-0.7,-3.0,"19,816","21,455",-3.7,-0.5,"20,000","21,411",-5.2,-3.0
Jun 2020,"56,560","57,718",-10.4,-10.4,"73,003","73,886",-9.7,-6.9,"58,799","59,350",-9.5,-9.2,"40,663","41,386",-11.4,-9.0,"35,586","36,202",-11.0,-10.4,"16,780","16,175",2.2,9.8,"13,343","12,828",1.9,6.9,"-2,822",-805,"-2,121",-727,"4,634","4,673",-17.7,-19.7,"3,104","3,134",-17.5,-22.5,"10,482","10,543",-18.2,-20.1,"9,940","10,019",-18.0,-20.9,"69,738","71,884",-10.8,-9.4,"59,262","60,980",-10.5,-11.2,"19,244","18,757",-16.4,-14.3,"15,649","15,212",-17.5,-18.9,"15,980","16,520",-23.0,-24.2,"15,677","16,197",-24.4,-26.8
Sep 2020,"64,872","65,611",13.7,1.0,"81,193","84,638",14.6,4.3,"65,329","67,839",14.3,2.6,"47,473","47,363",14.4,2.7,"41,370","41,293",14.1,1.3,"16,332","16,531",2.2,9.0,"12,857","13,052",1.7,6.4,46,-202,11,-82,"6,548","6,466",38.4,10.6,"4,334","4,284",36.7,6.4,"12,782","12,620",19.7,-4.6,"12,145","12,013",19.9,-5.1,"83,181","82,515",14.8,1.9,"70,374","69,967",14.7,0.4,"16,341","18,412",-1.8,-15.7,"14,097","15,815",4.0,-15.1,"18,330","17,350",5.0,-20.9,"18,808","17,906",10.6,-20.3
Dec 2020,"68,260","65,336",-0.4,0.3,"87,445","83,381",-1.5,2.2,"69,983","67,157",-1.0,1.3,"51,036","48,267",1.9,3.7,"44,297","41,879",1.4,2.5,"16,962","17,019",3.0,9.5,"13,301","13,359",2.4,7.4,950,-164,776,-49,"7,019","6,813",5.4,14.0,"4,536","4,414",3.0,8.4,"12,756","12,220",-3.2,-7.0,"12,098","11,572",-3.7,-7.3,"88,723","84,379",2.3,2.8,"74,739","71,278",1.9,1.6,"18,494","18,140",-1.5,-18.8,"16,034","15,827",0.1,-14.7,"19,773","18,790",8.3,-15.7,"20,528","19,586",9.4,-13.2
Mar 2021,"65,569","66,463",1.7,3.2,"85,807","85,480",2.5,4.4,"68,517","68,229",1.6,4.0,"48,778","51,183",6.0,8.7,"42,073","44,170",5.5,7.6,"17,299","17,666",3.8,11.8,"13,450","13,732",2.8,9.2,"1,602",937,"1,316",813,"6,678","6,923",1.6,21.5,"4,272","4,406",-0.2,15.6,"12,602","13,237",8.3,3.1,"12,004","12,569",8.6,3.3,"86,959","89,553",6.1,11.4,"72,841","74,716",4.8,10.0,"17,615","16,497",-9.1,-26.4,"15,416","14,447",-8.7,-21.6,"18,768","20,322",8.2,-5.3,"19,408","20,798",6.2,-3.0
Jun 2021,"66,660","68,023",2.3,17.9,"87,533","88,565",3.6,19.9,"68,958","69,605",2.0,17.3,"50,157","51,113",-0.1,23.3,"42,822","43,604",-1.3,20.3,"18,885","18,220",3.1,12.5,"14,583","14,036",2.2,9.3,"-2,429",-404,"-1,587",-171,"6,995","7,051",1.8,50.9,"4,285","4,325",-1.8,38.0,"13,118","13,263",0.2,25.1,"12,268","12,444",-1.0,23.4,"86,726","89,438",-0.1,24.4,"71,888","74,056",-0.9,21.3,"21,238","20,731",25.7,10.4,"17,531","17,049",18.0,12.0,"20,432","21,105",3.9,27.9,"20,156","20,823",0.1,28.6
Sep 2021,"64,612","65,346",-3.9,-0.4,"82,352","85,901",-3.0,1.4,"63,909","66,360",-4.7,-2.2,"48,157","48,039",-6.0,1.4,"40,445","40,373",-7.4,-2.2,"18,413","18,659",2.4,12.7,"14,092","14,329",2.1,9.6,"2,578","2,329","1,898","1,822","6,743","6,661",-5.5,3.0,"3,982","3,938",-8.9,-8.1,"12,776","12,595",-5.0,0.0,"11,930","11,780",-5.3,-1.8,"88,666","87,958",-1.7,6.6,"72,148","71,718",-3.2,2.5,"17,845","20,081",-3.1,9.2,"14,189","15,916",-6.6,0.7,"24,160","22,859",8.3,31.8,"22,997","21,874",5.0,22.3
Dec 2021,"70,327","67,319",3.0,3.0,"93,410","89,018",3.6,6.8,"71,060","68,201",2.8,1.5,"54,205","51,256",6.7,6.2,"44,983","42,516",5.3,1.5,"19,581","19,633",5.2,15.4,"14,830","14,876",3.8,11.5,"1,468",378,734,-83,"7,738","7,493",12.5,10.2,"4,357","4,230",7.4,-3.9,"15,325","14,675",16.5,20.1,"14,030","13,405",13.8,16.0,"98,317","93,633",6.5,10.8,"78,506","74,973",4.5,5.0,"20,746","20,371",1.4,12.2,"15,968","15,760",-1.0,-0.4,"25,654","24,417",6.8,29.7,"23,659","22,581",3.2,15.3
Mar 2022,"66,258","67,160",-0.2,1.1,"91,012","90,674",1.9,6.1,"68,455","68,161",-0.1,-0.1,"52,123","54,599",6.5,6.9,"42,614","44,633",5.0,1.3,"19,838","20,245",3.1,14.7,"14,872","15,169",2.0,10.6,"1,050",347,709,167,"7,436","7,726",3.1,11.4,"4,090","4,225",-0.1,-4.3,"14,261","14,945",1.8,13.2,"12,800","13,372",-0.2,6.6,"94,708","97,346",4.0,8.9,"74,731","76,482",2.0,2.6,"19,939","18,651",-8.4,13.2,"14,361","13,456",-14.6,-6.8,"23,636","25,576",4.7,25.9,"20,508","21,990",-2.6,5.7
Jun 2022,"66,943","68,311",1.7,0.4,"92,702","93,794",3.4,5.9,"68,944","69,592",2.1,0.0,"52,584","53,592",-1.8,4.8,"42,512","43,264",-3.1,-0.7,"21,538","20,792",2.7,14.0,"15,838","15,259",0.6,8.6,"-1,809",226,"-1,395",29,"7,953","8,016",3.8,13.7,"4,226","4,267",1.0,-1.4,"14,476","14,686",-1.7,10.4,"12,608","12,842",-4.0,2.8,"94,741","97,749",0.4,9.2,"73,431","75,715",-1.0,2.1,"23,544","22,996",23.3,10.9,"16,659","16,208",20.5,-5.0,"25,583","26,405",3.2,25.2,"20,991","21,681",-1.4,4.1
